adithi,Genuine,0.104,0.23,0.126,0.12,0.266,0.146,0.136,0.588,0.452,0.121,0.397,0.276,0.106,0.865,0.759,0.347,0.247,-0.1,0.226,2.302,2.076,0.155,0.196,0.041,0.14,0.232,0.092,0.14,0.652,0.512,0.156,,,,,,,,,,,,,,,,,,,,,,,,,,,,,,,,,,,,,,,,,,,,,,,,,,,,,,,,,,,,,,,,,,,,,,,,,,,,,,,,,,,,,,,,,,,,,,,,,,,,,,,,,,,,,,,,,,,,,,,,,,,,,,,,,,,,,,,,,,,,,,,,,,,,,,,,,,,,,,,,,,,,,,,,,,,,,,,,,,,,,,,,,,,,,,,,,,,,,,,,,,,,,,,,,,,,,,,,,,,,,,,,,,,,,,,,,,,,,,,,,,,,,,,,,,,,,,,,,,,,,,,,,,,,,,,,,,,,,,,,,,,,,,,,,,,,,,,,,,,,,,,,,,,,,,,,,,,,,,,,,,,,,,,,,,,,,,,,,,,,,,,,,,,,,,,,,,,,,,,,,,,,,,,,,,,,,,,,,,,,,,,,,,,,,,,,,,,,,,,,,,,,,,,,,,,,,,,,,,,,,,,,,,,,,
adithi,Genuine,0.116,0.412,0.296,0.115,0.236,0.121,0.141,0.644,0.503,0.121,0.412,0.291,0.1,0.654,0.554,0.346,0.246,-0.1,0.216,0.48,0.264,0.133,0.304,0.171,0.126,0.327,0.201,0.115,0.392,0.277,0.116,,,,,,,,,,,,,,,,,,,,,,,,,,,,,,,,,,,,,,,,,,,,,,,,,,,,,,,,,,,,,,,,,,,,,,,,,,,,,,,,,,,,,,,,,,,,,,,,,,,,,,,,,,,,,,,,,,,,,,,,,,,,,,,,,,,,,,,,,,,,,,,,,,,,,,,,,,,,,,,,,,,,,,,,,,,,,,,,,,,,,,,,,,,,,,,,,,,,,,,,,,,,,,,,,,,,,,,,,,,,,,,,,,,,,,,,,,,,,,,,,,,,,,,,,,,,,,,,,,,,,,,,,,,,,,,,,,,,,,,,,,,,,,,,,,,,,,,,,,,,,,,,,,,,,,,,,,,,,,,,,,,,,,,,,,,,,,,,,,,,,,,,,,,,,,,,,,,,,,,,,,,,,,,,,,,,,,,,,,,,,,,,,,,,,,,,,,,,,,,,,,,,,,,,,,,,,,,,,,,,,,,,,,,,,
adithi,Genuine,0.14,0.583,0.443,0.126,0.317,0.191,0.171,0.548,0.377,0.125,0.357,0.232,0.141,0.297,0.156,0.457,0.311,-0.146,0.287,1.604,1.317,0.151,0.365,0.214,0.148,0.786,0.638,0.141,0.442,0.301,0.141,,,,,,,,,,,,,,,,,,,,,,,,,,,,,,,,,,,,,,,,,,,,,,,,,,,,,,,,,,,,,,,,,,,,,,,,,,,,,,,,,,,,,,,,,,,,,,,,,,,,,,,,,,,,,,,,,,,,,,,,,,,,,,,,,,,,,,,,,,,,,,,,,,,,,,,,,,,,,,,,,,,,,,,,,,,,,,,,,,,,,,,,,,,,,,,,,,,,,,,,,,,,,,,,,,,,,,,,,,,,,,,,,,,,,,,,,,,,,,,,,,,,,,,,,,,,,,,,,,,,,,,,,,,,,,,,,,,,,,,,,,,,,,,,,,,,,,,,,,,,,,,,,,,,,,,,,,,,,,,,,,,,,,,,,,,,,,,,,,,,,,,,,,,,,,,,,,,,,,,,,,,,,,,,,,,,,,,,,,,,,,,,,,,,,,,,,,,,,,,,,,,,,,,,,,,,,,,,,,,,,,,,,,,,,
adithi,Genuine,0.163,0.503,0.34,0.12,0.296,0.176,0.151,0.508,0.357,0.125,0.387,0.262,0.151,0.317,0.166,0.317,0.226,-0.091,0.11,0.48,0.37,0.129,0.222,0.093,0.178,0.299,0.121,0.136,0.342,0.206,0.045,,,,,,,,,,,,,,,,,,,,,,,,,,,,,,,,,,,,,,,,,,,,,,,,,,,,,,,,,,,,,,,,,,,,,,,,,,,,,,,,,,,,,,,,,,,,,,,,,,,,,,,,,,,,,,,,,,,,,,,,,,,,,,,,,,,,,,,,,,,,,,,,,,,,,,,,,,,,,,,,,,,,,,,,,,,,,,,,,,,,,,,,,,,,,,,,,,,,,,,,,,,,,,,,,,,,,,,,,,,,,,,,,,,,,,,,,,,,,,,,,,,,,,,,,,,,,,,,,,,,,,,,,,,,,,,,,,,,,,,,,,,,,,,,,,,,,,,,,,,,,,,,,,,,,,,,,,,,,,,,,,,,,,,,,,,,,,,,,,,,,,,,,,,,,,,,,,,,,,,,,,,,,,,,,,,,,,,,,,,,,,,,,,,,,,,,,,,,,,,,,,,,,,,,,,,,,,,,,,,,,,,,,,,,,
adithi,Genuine,0.518,0.504,-0.014,1.005,0.848,-0.157,0.554,0.388,-0.166,0.487,0.316,-0.171,0.448,0.338,-0.11,0.475,0.352,-0.123,0.517,0.21,-0.307,0.392,0.236,-0.156,0.5,0.373,-0.127,0.351,0.237,-0.114,0.381,0.256,-0.125,0.647,0.527,-0.12,-1756004974.928,,,,,,,,,,,,,,,,,,,,,,,,,,,,,,,,,,,,,,,,,,,,,,,,,,,,,,,,,,,,,,,,,,,,,,,,,,,,,,,,,,,,,,,,,,,,,,,,,,,,,,,,,,,,,,,,,,,,,,,,,,,,,,,,,,,,,,,,,,,,,,,,,,,,,,,,,,,,,,,,,,,,,,,,,,,,,,,,,,,,,,,,,,,,,,,,,,,,,,,,,,,,,,,,,,,,,,,,,,,,,,,,,,,,,,,,,,,,,,,,,,,,,,,,,,,,,,,,,,,,,,,,,,,,,,,,,,,,,,,,,,,,,,,,,,,,,,,,,,,,,,,,,,,,,,,,,,,,,,,,,,,,,,,,,,,,,,,,,,,,,,,,,,,,,,,,,,,,,,,,,,,,,,,,,,,,,,,,,,,,,,,,,,,,,,,,,,,,,,,,,,,,,,,,,,,,,,,,,,,,,,,
adithi,Genuine,0.156,0.356,0.2,0.122,0.358,0.236,0.155,0.357,0.202,0.095,0.377,0.282,0.115,0.508,0.393,0.523,0.429,-0.094,0.124,0.406,0.282,0.14,0.291,0.151,0.141,0.292,0.151,0.105,0.356,0.251,0.115,,,,,,,,,,,,,,,,,,,,,,,,,,,,,,,,,,,,,,,,,,,,,,,,,,,,,,,,,,,,,,,,,,,,,,,,,,,,,,,,,,,,,,,,,,,,,,,,,,,,,,,,,,,,,,,,,,,,,,,,,,,,,,,,,,,,,,,,,,,,,,,,,,,,,,,,,,,,,,,,,,,,,,,,,,,,,,,,,,,,,,,,,,,,,,,,,,,,,,,,,,,,,,,,,,,,,,,,,,,,,,,,,,,,,,,,,,,,,,,,,,,,,,,,,,,,,,,,,,,,,,,,,,,,,,,,,,,,,,,,,,,,,,,,,,,,,,,,,,,,,,,,,,,,,,,,,,,,,,,,,,,,,,,,,,,,,,,,,,,,,,,,,,,,,,,,,,,,,,,,,,,,,,,,,,,,,,,,,,,,,,,,,,,,,,,,,,,,,,,,,,,,,,,,,,,,,,,,,,,,,,,,,,,,,
adithi,Genuine,0.074,0.557,0.483,0.121,0.282,0.161,0.176,0.346,0.17,0.122,0.407,0.285,0.116,0.212,0.096,0.366,0.27,-0.096,0.136,0.413,0.277,0.116,0.223,0.107,0.139,0.285,0.146,0.112,0.392,0.28,0.141,,,,,,,,,,,,,,,,,,,,,,,,,,,,,,,,,,,,,,,,,,,,,,,,,,,,,,,,,,,,,,,,,,,,,,,,,,,,,,,,,,,,,,,,,,,,,,,,,,,,,,,,,,,,,,,,,,,,,,,,,,,,,,,,,,,,,,,,,,,,,,,,,,,,,,,,,,,,,,,,,,,,,,,,,,,,,,,,,,,,,,,,,,,,,,,,,,,,,,,,,,,,,,,,,,,,,,,,,,,,,,,,,,,,,,,,,,,,,,,,,,,,,,,,,,,,,,,,,,,,,,,,,,,,,,,,,,,,,,,,,,,,,,,,,,,,,,,,,,,,,,,,,,,,,,,,,,,,,,,,,,,,,,,,,,,,,,,,,,,,,,,,,,,,,,,,,,,,,,,,,,,,,,,,,,,,,,,,,,,,,,,,,,,,,,,,,,,,,,,,,,,,,,,,,,,,,,,,,,,,,,,,,,,,,
adithi,Genuine,0.126,0.287,0.161,0.115,0.292,0.177,0.13,0.318,0.188,0.142,0.818,0.676,0.125,0.277,0.152,0.312,0.24,-0.072,0.095,0.569,0.474,0.132,0.191,0.059,0.151,0.246,0.095,0.121,0.462,0.341,0.137,,,,,,,,,,,,,,,,,,,,,,,,,,,,,,,,,,,,,,,,,,,,,,,,,,,,,,,,,,,,,,,,,,,,,,,,,,,,,,,,,,,,,,,,,,,,,,,,,,,,,,,,,,,,,,,,,,,,,,,,,,,,,,,,,,,,,,,,,,,,,,,,,,,,,,,,,,,,,,,,,,,,,,,,,,,,,,,,,,,,,,,,,,,,,,,,,,,,,,,,,,,,,,,,,,,,,,,,,,,,,,,,,,,,,,,,,,,,,,,,,,,,,,,,,,,,,,,,,,,,,,,,,,,,,,,,,,,,,,,,,,,,,,,,,,,,,,,,,,,,,,,,,,,,,,,,,,,,,,,,,,,,,,,,,,,,,,,,,,,,,,,,,,,,,,,,,,,,,,,,,,,,,,,,,,,,,,,,,,,,,,,,,,,,,,,,,,,,,,,,,,,,,,,,,,,,,,,,,,,,,,,,,,,,,
adithi,Genuine,0.14,0.462,0.322,0.13,0.317,0.187,0.17,0.528,0.358,0.125,0.34,0.215,0.107,0.198,0.091,0.277,0.18,-0.097,0.108,0.715,0.607,0.156,0.207,0.051,0.195,0.261,0.066,0.116,0.276,0.16,0.109,,,,,,,,,,,,,,,,,,,,,,,,,,,,,,,,,,,,,,,,,,,,,,,,,,,,,,,,,,,,,,,,,,,,,,,,,,,,,,,,,,,,,,,,,,,,,,,,,,,,,,,,,,,,,,,,,,,,,,,,,,,,,,,,,,,,,,,,,,,,,,,,,,,,,,,,,,,,,,,,,,,,,,,,,,,,,,,,,,,,,,,,,,,,,,,,,,,,,,,,,,,,,,,,,,,,,,,,,,,,,,,,,,,,,,,,,,,,,,,,,,,,,,,,,,,,,,,,,,,,,,,,,,,,,,,,,,,,,,,,,,,,,,,,,,,,,,,,,,,,,,,,,,,,,,,,,,,,,,,,,,,,,,,,,,,,,,,,,,,,,,,,,,,,,,,,,,,,,,,,,,,,,,,,,,,,,,,,,,,,,,,,,,,,,,,,,,,,,,,,,,,,,,,,,,,,,,,,,,,,,,,,,,,,,
adithi,Genuine,0.146,0.312,0.166,0.109,0.321,0.212,0.126,0.657,0.531,0.113,0.509,0.396,0.135,0.522,0.387,0.629,0.504,-0.125,0.321,0.03,-0.291,0.588,0.028,-0.56,0.797,0.429,-0.368,0.588,0.241,-0.347,1.297,0.211,-1.086,-1756005001.239,0.945,1756005002.184,-1756005002.184,,,,,,,,,,,,,,,,,,,,,,,,,,,,,,,,,,,,,,,,,,,,,,,,,,,,,,,,,,,,,,,,,,,,,,,,,,,,,,,,,,,,,,,,,,,,,,,,,,,,,,,,,,,,,,,,,,,,,,,,,,,,,,,,,,,,,,,,,,,,,,,,,,,,,,,,,,,,,,,,,,,,,,,,,,,,,,,,,,,,,,,,,,,,,,,,,,,,,,,,,,,,,,,,,,,,,,,,,,,,,,,,,,,,,,,,,,,,,,,,,,,,,,,,,,,,,,,,,,,,,,,,,,,,,,,,,,,,,,,,,,,,,,,,,,,,,,,,,,,,,,,,,,,,,,,,,,,,,,,,,,,,,,,,,,,,,,,,,,,,,,,,,,,,,,,,,,,,,,,,,,,,,,,,,,,,,,,,,,,,,,,,,,,,,,,,,,,,,,,,,,,,,,,,,,,,,,,,,,,,,,,
adithi,Genuine,0.061,0.243,0.182,0.089,0.271,0.182,0.125,1.623,1.498,0.111,0.702,0.591,0.095,0.216,0.121,0.301,0.201,-0.1,0.111,0.483,0.372,0.12,0.231,0.111,0.182,0.267,0.085,0.107,0.322,0.215,0.112,,,,,,,,,,,,,,,,,,,,,,,,,,,,,,,,,,,,,,,,,,,,,,,,,,,,,,,,,,,,,,,,,,,,,,,,,,,,,,,,,,,,,,,,,,,,,,,,,,,,,,,,,,,,,,,,,,,,,,,,,,,,,,,,,,,,,,,,,,,,,,,,,,,,,,,,,,,,,,,,,,,,,,,,,,,,,,,,,,,,,,,,,,,,,,,,,,,,,,,,,,,,,,,,,,,,,,,,,,,,,,,,,,,,,,,,,,,,,,,,,,,,,,,,,,,,,,,,,,,,,,,,,,,,,,,,,,,,,,,,,,,,,,,,,,,,,,,,,,,,,,,,,,,,,,,,,,,,,,,,,,,,,,,,,,,,,,,,,,,,,,,,,,,,,,,,,,,,,,,,,,,,,,,,,,,,,,,,,,,,,,,,,,,,,,,,,,,,,,,,,,,,,,,,,,,,,,,,,,,,,,,,,,,,,
adithi,Genuine,0.11,0.608,0.498,0.086,0.373,0.287,0.119,0.457,0.338,0.164,0.551,0.387,0.106,0.488,0.382,0.583,0.428,-0.155,0.236,0.456,0.22,0.167,0.544,0.377,0.115,0.281,0.166,0.121,0.493,0.372,0.16,,,,,,,,,,,,,,,,,,,,,,,,,,,,,,,,,,,,,,,,,,,,,,,,,,,,,,,,,,,,,,,,,,,,,,,,,,,,,,,,,,,,,,,,,,,,,,,,,,,,,,,,,,,,,,,,,,,,,,,,,,,,,,,,,,,,,,,,,,,,,,,,,,,,,,,,,,,,,,,,,,,,,,,,,,,,,,,,,,,,,,,,,,,,,,,,,,,,,,,,,,,,,,,,,,,,,,,,,,,,,,,,,,,,,,,,,,,,,,,,,,,,,,,,,,,,,,,,,,,,,,,,,,,,,,,,,,,,,,,,,,,,,,,,,,,,,,,,,,,,,,,,,,,,,,,,,,,,,,,,,,,,,,,,,,,,,,,,,,,,,,,,,,,,,,,,,,,,,,,,,,,,,,,,,,,,,,,,,,,,,,,,,,,,,,,,,,,,,,,,,,,,,,,,,,,,,,,,,,,,,,,,,,,,,
adithi,Genuine,0.106,0.377,0.271,0.13,0.327,0.197,0.146,0.497,0.351,0.166,0.654,0.488,0.105,0.544,0.439,0.613,0.487,-0.126,0.256,0.524,0.268,0.16,0.289,0.129,0.157,0.429,0.272,0.082,0.403,0.321,0.119,,,,,,,,,,,,,,,,,,,,,,,,,,,,,,,,,,,,,,,,,,,,,,,,,,,,,,,,,,,,,,,,,,,,,,,,,,,,,,,,,,,,,,,,,,,,,,,,,,,,,,,,,,,,,,,,,,,,,,,,,,,,,,,,,,,,,,,,,,,,,,,,,,,,,,,,,,,,,,,,,,,,,,,,,,,,,,,,,,,,,,,,,,,,,,,,,,,,,,,,,,,,,,,,,,,,,,,,,,,,,,,,,,,,,,,,,,,,,,,,,,,,,,,,,,,,,,,,,,,,,,,,,,,,,,,,,,,,,,,,,,,,,,,,,,,,,,,,,,,,,,,,,,,,,,,,,,,,,,,,,,,,,,,,,,,,,,,,,,,,,,,,,,,,,,,,,,,,,,,,,,,,,,,,,,,,,,,,,,,,,,,,,,,,,,,,,,,,,,,,,,,,,,,,,,,,,,,,,,,,,,,,,,,,,
adithi,Genuine,0.126,0.563,0.437,0.181,0.377,0.196,0.141,0.277,0.136,0.154,0.512,0.358,0.121,0.524,0.403,0.599,0.476,-0.123,0.287,0.447,0.16,0.156,0.302,0.146,0.122,0.633,0.511,0.102,1.037,0.935,0.23,,,,,,,,,,,,,,,,,,,,,,,,,,,,,,,,,,,,,,,,,,,,,,,,,,,,,,,,,,,,,,,,,,,,,,,,,,,,,,,,,,,,,,,,,,,,,,,,,,,,,,,,,,,,,,,,,,,,,,,,,,,,,,,,,,,,,,,,,,,,,,,,,,,,,,,,,,,,,,,,,,,,,,,,,,,,,,,,,,,,,,,,,,,,,,,,,,,,,,,,,,,,,,,,,,,,,,,,,,,,,,,,,,,,,,,,,,,,,,,,,,,,,,,,,,,,,,,,,,,,,,,,,,,,,,,,,,,,,,,,,,,,,,,,,,,,,,,,,,,,,,,,,,,,,,,,,,,,,,,,,,,,,,,,,,,,,,,,,,,,,,,,,,,,,,,,,,,,,,,,,,,,,,,,,,,,,,,,,,,,,,,,,,,,,,,,,,,,,,,,,,,,,,,,,,,,,,,,,,,,,,,,,,,,,
adithi,Genuine,0.16,0.663,0.503,0.156,0.347,0.191,0.166,0.312,0.146,0.185,0.513,0.328,0.104,0.472,0.368,0.483,0.332,-0.151,0.248,0.432,0.184,0.161,0.317,0.156,0.16,0.342,0.182,0.119,0.558,0.439,0.15,,,,,,,,,,,,,,,,,,,,,,,,,,,,,,,,,,,,,,,,,,,,,,,,,,,,,,,,,,,,,,,,,,,,,,,,,,,,,,,,,,,,,,,,,,,,,,,,,,,,,,,,,,,,,,,,,,,,,,,,,,,,,,,,,,,,,,,,,,,,,,,,,,,,,,,,,,,,,,,,,,,,,,,,,,,,,,,,,,,,,,,,,,,,,,,,,,,,,,,,,,,,,,,,,,,,,,,,,,,,,,,,,,,,,,,,,,,,,,,,,,,,,,,,,,,,,,,,,,,,,,,,,,,,,,,,,,,,,,,,,,,,,,,,,,,,,,,,,,,,,,,,,,,,,,,,,,,,,,,,,,,,,,,,,,,,,,,,,,,,,,,,,,,,,,,,,,,,,,,,,,,,,,,,,,,,,,,,,,,,,,,,,,,,,,,,,,,,,,,,,,,,,,,,,,,,,,,,,,,,,,,,,,,,,
adithi,Genuine,0.159,0.351,0.192,0.171,0.359,0.188,0.154,0.32,0.166,0.162,0.468,0.306,0.1,0.397,0.297,0.507,0.381,-0.126,0.288,0.588,0.3,0.149,0.413,0.264,0.206,0.477,0.271,0.136,0.453,0.317,0.156,,,,,,,,,,,,,,,,,,,,,,,,,,,,,,,,,,,,,,,,,,,,,,,,,,,,,,,,,,,,,,,,,,,,,,,,,,,,,,,,,,,,,,,,,,,,,,,,,,,,,,,,,,,,,,,,,,,,,,,,,,,,,,,,,,,,,,,,,,,,,,,,,,,,,,,,,,,,,,,,,,,,,,,,,,,,,,,,,,,,,,,,,,,,,,,,,,,,,,,,,,,,,,,,,,,,,,,,,,,,,,,,,,,,,,,,,,,,,,,,,,,,,,,,,,,,,,,,,,,,,,,,,,,,,,,,,,,,,,,,,,,,,,,,,,,,,,,,,,,,,,,,,,,,,,,,,,,,,,,,,,,,,,,,,,,,,,,,,,,,,,,,,,,,,,,,,,,,,,,,,,,,,,,,,,,,,,,,,,,,,,,,,,,,,,,,,,,,,,,,,,,,,,,,,,,,,,,,,,,,,,,,,,,,,
adithi,Genuine,0.146,0.48,0.334,0.164,0.322,0.158,0.143,0.359,0.216,0.171,0.569,0.398,0.132,0.427,0.295,0.497,0.368,-0.129,0.22,0.471,0.251,0.171,0.392,0.221,0.171,0.392,0.221,0.151,0.401,0.25,0.141,,,,,,,,,,,,,,,,,,,,,,,,,,,,,,,,,,,,,,,,,,,,,,,,,,,,,,,,,,,,,,,,,,,,,,,,,,,,,,,,,,,,,,,,,,,,,,,,,,,,,,,,,,,,,,,,,,,,,,,,,,,,,,,,,,,,,,,,,,,,,,,,,,,,,,,,,,,,,,,,,,,,,,,,,,,,,,,,,,,,,,,,,,,,,,,,,,,,,,,,,,,,,,,,,,,,,,,,,,,,,,,,,,,,,,,,,,,,,,,,,,,,,,,,,,,,,,,,,,,,,,,,,,,,,,,,,,,,,,,,,,,,,,,,,,,,,,,,,,,,,,,,,,,,,,,,,,,,,,,,,,,,,,,,,,,,,,,,,,,,,,,,,,,,,,,,,,,,,,,,,,,,,,,,,,,,,,,,,,,,,,,,,,,,,,,,,,,,,,,,,,,,,,,,,,,,,,,,,,,,,,,,,,,,,
adithi,Genuine,0.162,0.492,0.33,0.184,0.347,0.163,0.166,0.427,0.261,0.175,0.468,0.293,0.129,1.019,0.89,0.543,0.407,-0.136,0.272,0.394,0.122,0.14,0.37,0.23,0.192,0.333,0.141,0.12,0.482,0.362,0.132,,,,,,,,,,,,,,,,,,,,,,,,,,,,,,,,,,,,,,,,,,,,,,,,,,,,,,,,,,,,,,,,,,,,,,,,,,,,,,,,,,,,,,,,,,,,,,,,,,,,,,,,,,,,,,,,,,,,,,,,,,,,,,,,,,,,,,,,,,,,,,,,,,,,,,,,,,,,,,,,,,,,,,,,,,,,,,,,,,,,,,,,,,,,,,,,,,,,,,,,,,,,,,,,,,,,,,,,,,,,,,,,,,,,,,,,,,,,,,,,,,,,,,,,,,,,,,,,,,,,,,,,,,,,,,,,,,,,,,,,,,,,,,,,,,,,,,,,,,,,,,,,,,,,,,,,,,,,,,,,,,,,,,,,,,,,,,,,,,,,,,,,,,,,,,,,,,,,,,,,,,,,,,,,,,,,,,,,,,,,,,,,,,,,,,,,,,,,,,,,,,,,,,,,,,,,,,,,,,,,,,,,,,,,,
adithi,Genuine,0.126,0.448,0.322,0.19,0.292,0.102,0.165,0.346,0.181,0.186,0.754,0.568,0.141,0.433,0.292,0.592,0.441,-0.151,0.297,0.549,0.252,0.165,0.316,0.151,0.195,0.437,0.242,0.121,0.528,0.407,0.118,,,,,,,,,,,,,,,,,,,,,,,,,,,,,,,,,,,,,,,,,,,,,,,,,,,,,,,,,,,,,,,,,,,,,,,,,,,,,,,,,,,,,,,,,,,,,,,,,,,,,,,,,,,,,,,,,,,,,,,,,,,,,,,,,,,,,,,,,,,,,,,,,,,,,,,,,,,,,,,,,,,,,,,,,,,,,,,,,,,,,,,,,,,,,,,,,,,,,,,,,,,,,,,,,,,,,,,,,,,,,,,,,,,,,,,,,,,,,,,,,,,,,,,,,,,,,,,,,,,,,,,,,,,,,,,,,,,,,,,,,,,,,,,,,,,,,,,,,,,,,,,,,,,,,,,,,,,,,,,,,,,,,,,,,,,,,,,,,,,,,,,,,,,,,,,,,,,,,,,,,,,,,,,,,,,,,,,,,,,,,,,,,,,,,,,,,,,,,,,,,,,,,,,,,,,,,,,,,,,,,,,,,,,,,
adithi,Genuine,0.139,0.378,0.239,0.206,0.499,0.293,0.16,0.415,0.255,0.167,0.493,0.326,0.106,0.398,0.292,0.477,0.356,-0.121,0.292,0.623,0.331,0.166,0.803,0.637,0.142,0.383,0.241,0.138,0.372,0.234,0.137,,,,,,,,,,,,,,,,,,,,,,,,,,,,,,,,,,,,,,,,,,,,,,,,,,,,,,,,,,,,,,,,,,,,,,,,,,,,,,,,,,,,,,,,,,,,,,,,,,,,,,,,,,,,,,,,,,,,,,,,,,,,,,,,,,,,,,,,,,,,,,,,,,,,,,,,,,,,,,,,,,,,,,,,,,,,,,,,,,,,,,,,,,,,,,,,,,,,,,,,,,,,,,,,,,,,,,,,,,,,,,,,,,,,,,,,,,,,,,,,,,,,,,,,,,,,,,,,,,,,,,,,,,,,,,,,,,,,,,,,,,,,,,,,,,,,,,,,,,,,,,,,,,,,,,,,,,,,,,,,,,,,,,,,,,,,,,,,,,,,,,,,,,,,,,,,,,,,,,,,,,,,,,,,,,,,,,,,,,,,,,,,,,,,,,,,,,,,,,,,,,,,,,,,,,,,,,,,,,,,,,,,,,,,,
adithi,Genuine,0.139,0.34,0.201,0.152,0.477,0.325,0.171,0.639,0.468,0.155,0.452,0.297,0.12,0.448,0.328,0.574,0.443,-0.131,0.305,0.472,0.167,0.16,0.292,0.132,0.173,0.287,0.114,0.125,0.406,0.281,0.155,,,,,,,,,,,,,,,,,,,,,,,,,,,,,,,,,,,,,,,,,,,,,,,,,,,,,,,,,,,,,,,,,,,,,,,,,,,,,,,,,,,,,,,,,,,,,,,,,,,,,,,,,,,,,,,,,,,,,,,,,,,,,,,,,,,,,,,,,,,,,,,,,,,,,,,,,,,,,,,,,,,,,,,,,,,,,,,,,,,,,,,,,,,,,,,,,,,,,,,,,,,,,,,,,,,,,,,,,,,,,,,,,,,,,,,,,,,,,,,,,,,,,,,,,,,,,,,,,,,,,,,,,,,,,,,,,,,,,,,,,,,,,,,,,,,,,,,,,,,,,,,,,,,,,,,,,,,,,,,,,,,,,,,,,,,,,,,,,,,,,,,,,,,,,,,,,,,,,,,,,,,,,,,,,,,,,,,,,,,,,,,,,,,,,,,,,,,,,,,,,,,,,,,,,,,,,,,,,,,,,,,,,,,,,
adithi,Genuine,0.135,0.386,0.251,0.156,0.502,0.346,0.122,0.407,0.285,0.193,0.498,0.305,0.121,0.835,0.714,0.608,0.442,-0.166,0.261,0.679,0.418,0.141,0.351,0.21,0.115,0.468,0.353,0.115,0.396,0.281,0.121,,,,,,,,,,,,,,,,,,,,,,,,,,,,,,,,,,,,,,,,,,,,,,,,,,,,,,,,,,,,,,,,,,,,,,,,,,,,,,,,,,,,,,,,,,,,,,,,,,,,,,,,,,,,,,,,,,,,,,,,,,,,,,,,,,,,,,,,,,,,,,,,,,,,,,,,,,,,,,,,,,,,,,,,,,,,,,,,,,,,,,,,,,,,,,,,,,,,,,,,,,,,,,,,,,,,,,,,,,,,,,,,,,,,,,,,,,,,,,,,,,,,,,,,,,,,,,,,,,,,,,,,,,,,,,,,,,,,,,,,,,,,,,,,,,,,,,,,,,,,,,,,,,,,,,,,,,,,,,,,,,,,,,,,,,,,,,,,,,,,,,,,,,,,,,,,,,,,,,,,,,,,,,,,,,,,,,,,,,,,,,,,,,,,,,,,,,,,,,,,,,,,,,,,,,,,,,,,,,,,,,,,,,,,,
adithi,Genuine,0.096,0.439,0.343,0.134,0.422,0.288,0.155,0.849,0.694,0.145,0.502,0.357,0.11,0.471,0.361,2.665,0.503,-2.162,2.347,0.03,-2.317,2.609,0.03,-2.579,2.986,0.031,-2.955,3.231,0.029,-3.202,4.207,0.031,-4.176,-1756005112.233,0.03,1756005112.263,-1756005112.263,0.03,1756005112.293,-1756005112.293,0.03,1756005112.323,-1756005112.323,0.03,1756005112.353,-1756005112.353,0.031,1756005112.384,-1756005112.384,0.029,1756005112.413,-1756005112.413,0.031,1756005112.444,-1756005112.444,0.03,1756005112.474,-1756005112.474,0.03,1756005112.504,-1756005112.504,0.033,1756005112.537,-1756005112.537,0.027,1756005112.564,-1756005112.564,0.03,1756005112.594,-1756005112.594,0.03,1756005112.624,-1756005112.624,0.03,1756005112.654,-1756005112.654,0.031,1756005112.685,-1756005112.685,0.03,1756005112.715,-1756005112.715,0.03,1756005112.745,-1756005112.745,0.03,1756005112.775,-1756005112.775,0.03,1756005112.805,-1756005112.805,0.031,1756005112.836,-1756005112.836,0.03,1756005112.866,-1756005112.866,0.03,1756005112.896,-1756005112.896,0.03,1756005112.926,-1756005112.926,0.03,1756005112.956,-1756005112.956,0.03,1756005112.986,-1756005112.986,0.031,1756005113.017,-1756005113.017,0.03,1756005113.047,-1756005113.047,0.03,1756005113.077,-1756005113.077,0.03,1756005113.107,-1756005113.107,0.03,1756005113.137,-1756005113.137,0.03,1756005113.167,-1756005113.167,0.031,1756005113.198,-1756005113.198,0.03,1756005113.228,-1756005113.228,0.032,1756005113.26,-1756005113.26,0.028,1756005113.288,-1756005113.288,0.033,1756005113.321,-1756005113.321,0.028,1756005113.349,-1756005113.349,0.03,1756005113.379,-1756005113.379,0.03,1756005113.409,-1756005113.409,0.032,1756005113.441,-1756005113.441,0.03,1756005113.471,-1756005113.471,0.029,1756005113.5,-1756005113.5,0.03,1756005113.53,-1756005113.53,0.03,1756005113.56,-1756005113.56,0.03,1756005113.59,-1756005113.59,0.03,1756005113.62,-1756005113.62,0.03,1756005113.65,-1756005113.65,0.03,1756005113.68,-1756005113.68,0.031,1756005113.711,-1756005113.711,0.03,1756005113.741,-1756005113.741,0.031,1756005113.772,-1756005113.772,0.031,1756005113.803,-1756005113.803,0.03,1756005113.833,-1756005113.833,0.029,1756005113.862,-1756005113.862,0.029,1756005113.891,-1756005113.891,0.031,1756005113.922,-1756005113.922,0.029,1756005113.951,-1756005113.951,0.031,1756005113.982,-1756005113.982,0.03,1756005114.012,-1756005114.012,0.034,1756005114.046,-1756005114.046,0.027,1756005114.073,-1756005114.073,0.03,1756005114.103,-1756005114.103,0.015,1756005114.118,-1756005114.118,0.407,1756005114.525,-1756005114.525,0.346,1756005114.871,-1756005114.871,0.378,1756005115.249,-1756005115.249,1.02,1756005116.269,-1756005116.269,,,,,,,,,,,,,,,,,,,,,,,,,,,,,,,,,,,,,,,,,,,,,,,,,,,,,,,,,,,,,,,,,,,,,,,,,,,,,,,,,,,,,,,,,,,,,,,,,,,,,,,,,,,,,,,,,,,,,,,,,,,,,,,,,,,,,,,,,,,,,,,,,,,,,,,,,,,,,,,,,,,,,,,,,,,,,,,,,,,,,,,,,,,,,,,,,,,,,,,,,,,,,,,,,,,,,,,,,,,,,,,,,
adithi,Genuine,0.127,0.292,0.165,0.125,0.32,0.195,0.151,0.323,0.172,0.15,0.417,0.267,0.112,0.377,0.265,0.447,0.296,-0.151,0.207,0.351,0.144,0.172,0.362,0.19,0.206,0.242,0.036,0.135,0.376,0.241,0.13,,,,,,,,,,,,,,,,,,,,,,,,,,,,,,,,,,,,,,,,,,,,,,,,,,,,,,,,,,,,,,,,,,,,,,,,,,,,,,,,,,,,,,,,,,,,,,,,,,,,,,,,,,,,,,,,,,,,,,,,,,,,,,,,,,,,,,,,,,,,,,,,,,,,,,,,,,,,,,,,,,,,,,,,,,,,,,,,,,,,,,,,,,,,,,,,,,,,,,,,,,,,,,,,,,,,,,,,,,,,,,,,,,,,,,,,,,,,,,,,,,,,,,,,,,,,,,,,,,,,,,,,,,,,,,,,,,,,,,,,,,,,,,,,,,,,,,,,,,,,,,,,,,,,,,,,,,,,,,,,,,,,,,,,,,,,,,,,,,,,,,,,,,,,,,,,,,,,,,,,,,,,,,,,,,,,,,,,,,,,,,,,,,,,,,,,,,,,,,,,,,,,,,,,,,,,,,,,,,,,,,,,,,,,,
adithi,Genuine,0.132,0.343,0.211,0.112,0.271,0.159,0.16,0.292,0.132,0.13,0.477,0.347,0.136,0.518,0.382,0.969,0.503,-0.466,0.616,0.029,-0.587,0.864,0.033,-0.831,1.169,0.028,-1.141,1.359,0.031,-1.328,1.712,0.031,-1.681,-1756005131.222,0.028,1756005131.25,-1756005131.25,0.03,1756005131.28,-1756005131.28,0.03,1756005131.31,-1756005131.31,0.03,1756005131.34,-1756005131.34,0.031,1756005131.371,-1756005131.371,0.031,1756005131.402,-1756005131.402,0.004,1756005131.406,-1756005131.406,0.408,1756005131.814,-1756005131.814,0.294,1756005132.108,-1756005132.108,0.253,1756005132.361,-1756005132.361,0.407,1756005132.768,-1756005132.768,,,,,,,,,,,,,,,,,,,,,,,,,,,,,,,,,,,,,,,,,,,,,,,,,,,,,,,,,,,,,,,,,,,,,,,,,,,,,,,,,,,,,,,,,,,,,,,,,,,,,,,,,,,,,,,,,,,,,,,,,,,,,,,,,,,,,,,,,,,,,,,,,,,,,,,,,,,,,,,,,,,,,,,,,,,,,,,,,,,,,,,,,,,,,,,,,,,,,,,,,,,,,,,,,,,,,,,,,,,,,,,,,,,,,,,,,,,,,,,,,,,,,,,,,,,,,,,,,,,,,,,,,,,,,,,,,,,,,,,,,,,,,,,,,,,,,,,,,,,,,,,,,,,,,,,,,,,,,,,,,,,,,,,,,,,,,,,,,,,,,,,,,,,,,,,,,,,,,,,,,,,,,,,,,,,,,,,,,,,,,,,,,,,,,,,,,
adithi,Genuine,0.15,0.447,0.297,0.145,0.206,0.061,0.156,0.332,0.176,0.196,0.547,0.351,0.147,0.676,0.529,0.857,0.503,-0.354,0.364,0.028,-0.336,1.315,0.03,-1.285,2.252,0.03,-2.222,2.689,0.031,-2.658,3.352,0.029,-3.323,-1756005136.808,0.012,1756005136.82,-1756005136.82,1.044,1756005137.864,-1756005137.864,0.975,1756005138.839,-1756005138.839,0.468,1756005139.307,-1756005139.307,0.648,1756005139.955,-1756005139.955,,,,,,,,,,,,,,,,,,,,,,,,,,,,,,,,,,,,,,,,,,,,,,,,,,,,,,,,,,,,,,,,,,,,,,,,,,,,,,,,,,,,,,,,,,,,,,,,,,,,,,,,,,,,,,,,,,,,,,,,,,,,,,,,,,,,,,,,,,,,,,,,,,,,,,,,,,,,,,,,,,,,,,,,,,,,,,,,,,,,,,,,,,,,,,,,,,,,,,,,,,,,,,,,,,,,,,,,,,,,,,,,,,,,,,,,,,,,,,,,,,,,,,,,,,,,,,,,,,,,,,,,,,,,,,,,,,,,,,,,,,,,,,,,,,,,,,,,,,,,,,,,,,,,,,,,,,,,,,,,,,,,,,,,,,,,,,,,,,,,,,,,,,,,,,,,,,,,,,,,,,,,,,,,,,,,,,,,,,,,,,,,,,,,,,,,,,,,,,,,,,,,,,,,,,,
adithi,Genuine,0.14,0.789,0.649,0.221,0.84,0.619,0.193,0.533,0.34,0.241,0.666,0.425,0.188,0.882,0.694,0.726,0.502,-0.224,0.433,0.031,-0.402,1.605,0.014,-1.591,2.04,1.367,-0.673,1.151,0.482,-0.669,1.498,0.455,-1.043,-1756005148.435,0.807,1756005149.242,-1756005149.242,,,,,,,,,,,,,,,,,,,,,,,,,,,,,,,,,,,,,,,,,,,,,,,,,,,,,,,,,,,,,,,,,,,,,,,,,,,,,,,,,,,,,,,,,,,,,,,,,,,,,,,,,,,,,,,,,,,,,,,,,,,,,,,,,,,,,,,,,,,,,,,,,,,,,,,,,,,,,,,,,,,,,,,,,,,,,,,,,,,,,,,,,,,,,,,,,,,,,,,,,,,,,,,,,,,,,,,,,,,,,,,,,,,,,,,,,,,,,,,,,,,,,,,,,,,,,,,,,,,,,,,,,,,,,,,,,,,,,,,,,,,,,,,,,,,,,,,,,,,,,,,,,,,,,,,,,,,,,,,,,,,,,,,,,,,,,,,,,,,,,,,,,,,,,,,,,,,,,,,,,,,,,,,,,,,,,,,,,,,,,,,,,,,,,,,,,,,,,,,,,,,,,,,,,,,,,,,,,,,,,,,
adithi,Genuine,0.184,0.581,0.397,0.207,0.438,0.231,0.175,0.421,0.246,0.211,0.588,0.377,0.152,0.619,0.467,0.648,0.493,-0.155,0.379,0.678,0.299,0.211,0.402,0.191,0.232,0.613,0.381,0.161,0.517,0.356,0.191,,,,,,,,,,,,,,,,,,,,,,,,,,,,,,,,,,,,,,,,,,,,,,,,,,,,,,,,,,,,,,,,,,,,,,,,,,,,,,,,,,,,,,,,,,,,,,,,,,,,,,,,,,,,,,,,,,,,,,,,,,,,,,,,,,,,,,,,,,,,,,,,,,,,,,,,,,,,,,,,,,,,,,,,,,,,,,,,,,,,,,,,,,,,,,,,,,,,,,,,,,,,,,,,,,,,,,,,,,,,,,,,,,,,,,,,,,,,,,,,,,,,,,,,,,,,,,,,,,,,,,,,,,,,,,,,,,,,,,,,,,,,,,,,,,,,,,,,,,,,,,,,,,,,,,,,,,,,,,,,,,,,,,,,,,,,,,,,,,,,,,,,,,,,,,,,,,,,,,,,,,,,,,,,,,,,,,,,,,,,,,,,,,,,,,,,,,,,,,,,,,,,,,,,,,,,,,,,,,,,,,,,,,,,,
adithi,Genuine,0.207,1.403,1.196,0.176,0.557,0.381,0.152,0.57,0.418,0.185,0.486,0.301,0.166,0.609,0.443,0.791,0.502,-0.289,0.492,0.031,-0.461,0.864,0.03,-0.834,1.493,0.031,-1.462,1.954,0.014,-1.94,2.637,0.637,-2.0,-1756005163.248,0.61,1756005163.858,-1756005163.858,0.536,1756005164.394,-1756005164.394,0.613,1756005165.007,-1756005165.007,,,,,,,,,,,,,,,,,,,,,,,,,,,,,,,,,,,,,,,,,,,,,,,,,,,,,,,,,,,,,,,,,,,,,,,,,,,,,,,,,,,,,,,,,,,,,,,,,,,,,,,,,,,,,,,,,,,,,,,,,,,,,,,,,,,,,,,,,,,,,,,,,,,,,,,,,,,,,,,,,,,,,,,,,,,,,,,,,,,,,,,,,,,,,,,,,,,,,,,,,,,,,,,,,,,,,,,,,,,,,,,,,,,,,,,,,,,,,,,,,,,,,,,,,,,,,,,,,,,,,,,,,,,,,,,,,,,,,,,,,,,,,,,,,,,,,,,,,,,,,,,,,,,,,,,,,,,,,,,,,,,,,,,,,,,,,,,,,,,,,,,,,,,,,,,,,,,,,,,,,,,,,,,,,,,,,,,,,,,,,,,,,,,,,,,,,,,,,,,,,,,,,,,,,,,,,,,,,
adithi,Genuine,0.164,0.798,0.634,0.156,0.407,0.251,0.171,0.296,0.125,0.237,0.479,0.242,0.134,0.507,0.373,0.623,0.457,-0.166,0.412,0.813,0.401,0.188,0.49,0.302,0.174,0.436,0.262,0.12,0.602,0.482,0.208,,,,,,,,,,,,,,,,,,,,,,,,,,,,,,,,,,,,,,,,,,,,,,,,,,,,,,,,,,,,,,,,,,,,,,,,,,,,,,,,,,,,,,,,,,,,,,,,,,,,,,,,,,,,,,,,,,,,,,,,,,,,,,,,,,,,,,,,,,,,,,,,,,,,,,,,,,,,,,,,,,,,,,,,,,,,,,,,,,,,,,,,,,,,,,,,,,,,,,,,,,,,,,,,,,,,,,,,,,,,,,,,,,,,,,,,,,,,,,,,,,,,,,,,,,,,,,,,,,,,,,,,,,,,,,,,,,,,,,,,,,,,,,,,,,,,,,,,,,,,,,,,,,,,,,,,,,,,,,,,,,,,,,,,,,,,,,,,,,,,,,,,,,,,,,,,,,,,,,,,,,,,,,,,,,,,,,,,,,,,,,,,,,,,,,,,,,,,,,,,,,,,,,,,,,,,,,,,,,,,,,,,,,,,,
adithi,Genuine,0.13,0.483,0.353,0.17,0.406,0.236,0.147,0.348,0.201,0.16,0.592,0.432,0.141,7.206,7.065,0.784,0.505,-0.279,0.359,0.028,-0.331,1.356,0.03,-1.326,1.713,0.03,-1.683,2.075,0.03,-2.045,2.557,0.032,-2.525,-1756005185.407,0.019,1756005185.426,-1756005185.426,1.065,1756005186.491,-1756005186.491,0.357,1756005186.848,-1756005186.848,0.469,1756005187.317,-1756005187.317,0.51,1756005187.827,-1756005187.827,,,,,,,,,,,,,,,,,,,,,,,,,,,,,,,,,,,,,,,,,,,,,,,,,,,,,,,,,,,,,,,,,,,,,,,,,,,,,,,,,,,,,,,,,,,,,,,,,,,,,,,,,,,,,,,,,,,,,,,,,,,,,,,,,,,,,,,,,,,,,,,,,,,,,,,,,,,,,,,,,,,,,,,,,,,,,,,,,,,,,,,,,,,,,,,,,,,,,,,,,,,,,,,,,,,,,,,,,,,,,,,,,,,,,,,,,,,,,,,,,,,,,,,,,,,,,,,,,,,,,,,,,,,,,,,,,,,,,,,,,,,,,,,,,,,,,,,,,,,,,,,,,,,,,,,,,,,,,,,,,,,,,,,,,,,,,,,,,,,,,,,,,,,,,,,,,,,,,,,,,,,,,,,,,,,,,,,,,,,,,,,,,,,,,,,,,,,,,,,,,,,,,,,,,,,
adithi,Genuine,0.125,0.386,0.261,0.125,0.438,0.313,0.166,0.387,0.221,0.166,0.368,0.202,0.11,0.542,0.432,0.487,0.367,-0.12,0.17,0.427,0.257,0.146,0.317,0.171,0.156,0.271,0.115,0.176,0.458,0.282,0.114,,,,,,,,,,,,,,,,,,,,,,,,,,,,,,,,,,,,,,,,,,,,,,,,,,,,,,,,,,,,,,,,,,,,,,,,,,,,,,,,,,,,,,,,,,,,,,,,,,,,,,,,,,,,,,,,,,,,,,,,,,,,,,,,,,,,,,,,,,,,,,,,,,,,,,,,,,,,,,,,,,,,,,,,,,,,,,,,,,,,,,,,,,,,,,,,,,,,,,,,,,,,,,,,,,,,,,,,,,,,,,,,,,,,,,,,,,,,,,,,,,,,,,,,,,,,,,,,,,,,,,,,,,,,,,,,,,,,,,,,,,,,,,,,,,,,,,,,,,,,,,,,,,,,,,,,,,,,,,,,,,,,,,,,,,,,,,,,,,,,,,,,,,,,,,,,,,,,,,,,,,,,,,,,,,,,,,,,,,,,,,,,,,,,,,,,,,,,,,,,,,,,,,,,,,,,,,,,,,,,,,,,,,,,,
adithi,Genuine,0.124,0.326,0.202,0.1,0.412,0.312,0.162,0.367,0.205,0.136,0.468,0.332,0.11,0.478,0.368,0.406,0.265,-0.141,0.237,1.016,0.779,0.155,0.597,0.442,0.171,0.322,0.151,0.146,1.468,1.322,0.161,,,,,,,,,,,,,,,,,,,,,,,,,,,,,,,,,,,,,,,,,,,,,,,,,,,,,,,,,,,,,,,,,,,,,,,,,,,,,,,,,,,,,,,,,,,,,,,,,,,,,,,,,,,,,,,,,,,,,,,,,,,,,,,,,,,,,,,,,,,,,,,,,,,,,,,,,,,,,,,,,,,,,,,,,,,,,,,,,,,,,,,,,,,,,,,,,,,,,,,,,,,,,,,,,,,,,,,,,,,,,,,,,,,,,,,,,,,,,,,,,,,,,,,,,,,,,,,,,,,,,,,,,,,,,,,,,,,,,,,,,,,,,,,,,,,,,,,,,,,,,,,,,,,,,,,,,,,,,,,,,,,,,,,,,,,,,,,,,,,,,,,,,,,,,,,,,,,,,,,,,,,,,,,,,,,,,,,,,,,,,,,,,,,,,,,,,,,,,,,,,,,,,,,,,,,,,,,,,,,,,,,,,,,,,
adithi,Genuine,0.135,0.461,0.326,0.156,0.332,0.176,0.126,0.377,0.251,0.126,0.522,0.396,0.261,0.705,0.444,0.096,0.19,0.094,0.304,0.211,-0.093,0.166,0.869,0.703,0.141,0.497,0.356,0.157,0.268,0.111,0.135,0.406,0.271,0.172,,,,,,,,,,,,,,,,,,,,,,,,,,,,,,,,,,,,,,,,,,,,,,,,,,,,,,,,,,,,,,,,,,,,,,,,,,,,,,,,,,,,,,,,,,,,,,,,,,,,,,,,,,,,,,,,,,,,,,,,,,,,,,,,,,,,,,,,,,,,,,,,,,,,,,,,,,,,,,,,,,,,,,,,,,,,,,,,,,,,,,,,,,,,,,,,,,,,,,,,,,,,,,,,,,,,,,,,,,,,,,,,,,,,,,,,,,,,,,,,,,,,,,,,,,,,,,,,,,,,,,,,,,,,,,,,,,,,,,,,,,,,,,,,,,,,,,,,,,,,,,,,,,,,,,,,,,,,,,,,,,,,,,,,,,,,,,,,,,,,,,,,,,,,,,,,,,,,,,,,,,,,,,,,,,,,,,,,,,,,,,,,,,,,,,,,,,,,,,,,,,,,,,,,,,,,,,,,,,,,,,,,,,
adithi,Genuine,0.146,0.468,0.322,0.162,0.709,0.547,0.156,0.497,0.341,0.177,2.388,2.211,0.12,0.619,0.499,0.4,0.274,-0.126,0.201,0.824,0.623,0.146,0.322,0.176,0.142,0.272,0.13,0.171,0.915,0.744,0.161,,,,,,,,,,,,,,,,,,,,,,,,,,,,,,,,,,,,,,,,,,,,,,,,,,,,,,,,,,,,,,,,,,,,,,,,,,,,,,,,,,,,,,,,,,,,,,,,,,,,,,,,,,,,,,,,,,,,,,,,,,,,,,,,,,,,,,,,,,,,,,,,,,,,,,,,,,,,,,,,,,,,,,,,,,,,,,,,,,,,,,,,,,,,,,,,,,,,,,,,,,,,,,,,,,,,,,,,,,,,,,,,,,,,,,,,,,,,,,,,,,,,,,,,,,,,,,,,,,,,,,,,,,,,,,,,,,,,,,,,,,,,,,,,,,,,,,,,,,,,,,,,,,,,,,,,,,,,,,,,,,,,,,,,,,,,,,,,,,,,,,,,,,,,,,,,,,,,,,,,,,,,,,,,,,,,,,,,,,,,,,,,,,,,,,,,,,,,,,,,,,,,,,,,,,,,,,,,,,,,,,,,,,,,,
adithi,Genuine,0.113,0.33,0.217,0.175,0.471,0.296,0.14,0.326,0.186,0.172,0.382,0.21,0.186,0.227,0.041,0.487,0.372,-0.115,0.226,0.63,0.404,0.134,0.22,0.086,0.161,0.261,0.1,0.136,0.368,0.232,0.155,,,,,,,,,,,,,,,,,,,,,,,,,,,,,,,,,,,,,,,,,,,,,,,,,,,,,,,,,,,,,,,,,,,,,,,,,,,,,,,,,,,,,,,,,,,,,,,,,,,,,,,,,,,,,,,,,,,,,,,,,,,,,,,,,,,,,,,,,,,,,,,,,,,,,,,,,,,,,,,,,,,,,,,,,,,,,,,,,,,,,,,,,,,,,,,,,,,,,,,,,,,,,,,,,,,,,,,,,,,,,,,,,,,,,,,,,,,,,,,,,,,,,,,,,,,,,,,,,,,,,,,,,,,,,,,,,,,,,,,,,,,,,,,,,,,,,,,,,,,,,,,,,,,,,,,,,,,,,,,,,,,,,,,,,,,,,,,,,,,,,,,,,,,,,,,,,,,,,,,,,,,,,,,,,,,,,,,,,,,,,,,,,,,,,,,,,,,,,,,,,,,,,,,,,,,,,,,,,,,,,,,,,,,,,
adithi,Genuine,0.181,0.409,0.228,0.158,0.349,0.191,0.131,0.519,0.388,0.17,1.25,1.08,0.111,0.212,0.101,0.316,0.225,-0.091,0.156,0.699,0.543,0.116,0.196,0.08,0.155,0.271,0.116,0.146,0.414,0.268,0.144,,,,,,,,,,,,,,,,,,,,,,,,,,,,,,,,,,,,,,,,,,,,,,,,,,,,,,,,,,,,,,,,,,,,,,,,,,,,,,,,,,,,,,,,,,,,,,,,,,,,,,,,,,,,,,,,,,,,,,,,,,,,,,,,,,,,,,,,,,,,,,,,,,,,,,,,,,,,,,,,,,,,,,,,,,,,,,,,,,,,,,,,,,,,,,,,,,,,,,,,,,,,,,,,,,,,,,,,,,,,,,,,,,,,,,,,,,,,,,,,,,,,,,,,,,,,,,,,,,,,,,,,,,,,,,,,,,,,,,,,,,,,,,,,,,,,,,,,,,,,,,,,,,,,,,,,,,,,,,,,,,,,,,,,,,,,,,,,,,,,,,,,,,,,,,,,,,,,,,,,,,,,,,,,,,,,,,,,,,,,,,,,,,,,,,,,,,,,,,,,,,,,,,,,,,,,,,,,,,,,,,,,,,,,,
adithi,Genuine,0.111,0.341,0.23,0.145,0.231,0.086,0.176,0.342,0.166,0.116,0.447,0.331,0.135,0.301,0.166,0.412,0.312,-0.1,0.166,0.402,0.236,0.161,0.231,0.07,0.18,0.201,0.021,0.141,0.302,0.161,0.181,,,,,,,,,,,,,,,,,,,,,,,,,,,,,,,,,,,,,,,,,,,,,,,,,,,,,,,,,,,,,,,,,,,,,,,,,,,,,,,,,,,,,,,,,,,,,,,,,,,,,,,,,,,,,,,,,,,,,,,,,,,,,,,,,,,,,,,,,,,,,,,,,,,,,,,,,,,,,,,,,,,,,,,,,,,,,,,,,,,,,,,,,,,,,,,,,,,,,,,,,,,,,,,,,,,,,,,,,,,,,,,,,,,,,,,,,,,,,,,,,,,,,,,,,,,,,,,,,,,,,,,,,,,,,,,,,,,,,,,,,,,,,,,,,,,,,,,,,,,,,,,,,,,,,,,,,,,,,,,,,,,,,,,,,,,,,,,,,,,,,,,,,,,,,,,,,,,,,,,,,,,,,,,,,,,,,,,,,,,,,,,,,,,,,,,,,,,,,,,,,,,,,,,,,,,,,,,,,,,,,,,,,,,,,
adithi,Genuine,0.111,0.935,0.824,0.151,0.427,0.276,0.126,0.323,0.197,0.201,2.215,2.014,0.146,0.383,0.237,0.401,0.252,-0.149,0.38,0.752,0.372,0.161,0.433,0.272,0.131,0.261,0.13,0.161,0.468,0.307,0.155,,,,,,,,,,,,,,,,,,,,,,,,,,,,,,,,,,,,,,,,,,,,,,,,,,,,,,,,,,,,,,,,,,,,,,,,,,,,,,,,,,,,,,,,,,,,,,,,,,,,,,,,,,,,,,,,,,,,,,,,,,,,,,,,,,,,,,,,,,,,,,,,,,,,,,,,,,,,,,,,,,,,,,,,,,,,,,,,,,,,,,,,,,,,,,,,,,,,,,,,,,,,,,,,,,,,,,,,,,,,,,,,,,,,,,,,,,,,,,,,,,,,,,,,,,,,,,,,,,,,,,,,,,,,,,,,,,,,,,,,,,,,,,,,,,,,,,,,,,,,,,,,,,,,,,,,,,,,,,,,,,,,,,,,,,,,,,,,,,,,,,,,,,,,,,,,,,,,,,,,,,,,,,,,,,,,,,,,,,,,,,,,,,,,,,,,,,,,,,,,,,,,,,,,,,,,,,,,,,,,,,,,,,,,,
adithi,Genuine,0.13,0.401,0.271,0.147,0.378,0.231,0.155,0.758,0.603,0.181,1.901,1.72,0.124,0.312,0.188,0.414,0.28,-0.134,0.246,0.805,0.559,0.164,0.356,0.192,0.16,0.342,0.182,0.159,0.276,0.117,0.161,,,,,,,,,,,,,,,,,,,,,,,,,,,,,,,,,,,,,,,,,,,,,,,,,,,,,,,,,,,,,,,,,,,,,,,,,,,,,,,,,,,,,,,,,,,,,,,,,,,,,,,,,,,,,,,,,,,,,,,,,,,,,,,,,,,,,,,,,,,,,,,,,,,,,,,,,,,,,,,,,,,,,,,,,,,,,,,,,,,,,,,,,,,,,,,,,,,,,,,,,,,,,,,,,,,,,,,,,,,,,,,,,,,,,,,,,,,,,,,,,,,,,,,,,,,,,,,,,,,,,,,,,,,,,,,,,,,,,,,,,,,,,,,,,,,,,,,,,,,,,,,,,,,,,,,,,,,,,,,,,,,,,,,,,,,,,,,,,,,,,,,,,,,,,,,,,,,,,,,,,,,,,,,,,,,,,,,,,,,,,,,,,,,,,,,,,,,,,,,,,,,,,,,,,,,,,,,,,,,,,,,,,,,,,
adithi,Genuine,0.161,0.689,0.528,0.171,0.362,0.191,0.18,0.457,0.277,0.157,0.596,0.439,0.133,0.284,0.151,0.387,0.266,-0.121,0.131,0.735,0.604,0.15,0.386,0.236,0.126,0.311,0.185,0.121,0.443,0.322,0.135,,,,,,,,,,,,,,,,,,,,,,,,,,,,,,,,,,,,,,,,,,,,,,,,,,,,,,,,,,,,,,,,,,,,,,,,,,,,,,,,,,,,,,,,,,,,,,,,,,,,,,,,,,,,,,,,,,,,,,,,,,,,,,,,,,,,,,,,,,,,,,,,,,,,,,,,,,,,,,,,,,,,,,,,,,,,,,,,,,,,,,,,,,,,,,,,,,,,,,,,,,,,,,,,,,,,,,,,,,,,,,,,,,,,,,,,,,,,,,,,,,,,,,,,,,,,,,,,,,,,,,,,,,,,,,,,,,,,,,,,,,,,,,,,,,,,,,,,,,,,,,,,,,,,,,,,,,,,,,,,,,,,,,,,,,,,,,,,,,,,,,,,,,,,,,,,,,,,,,,,,,,,,,,,,,,,,,,,,,,,,,,,,,,,,,,,,,,,,,,,,,,,,,,,,,,,,,,,,,,,,,,,,,,,,
adithi,Genuine,0.106,0.498,0.392,0.146,0.433,0.287,0.135,0.503,0.368,0.235,0.737,0.502,0.133,0.353,0.22,0.642,0.502,-0.14,0.242,0.006,-0.236,0.693,0.572,-0.121,0.642,0.457,-0.185,0.633,0.487,-0.146,0.754,0.659,-0.095,-1756005273.735,,,,,,,,,,,,,,,,,,,,,,,,,,,,,,,,,,,,,,,,,,,,,,,,,,,,,,,,,,,,,,,,,,,,,,,,,,,,,,,,,,,,,,,,,,,,,,,,,,,,,,,,,,,,,,,,,,,,,,,,,,,,,,,,,,,,,,,,,,,,,,,,,,,,,,,,,,,,,,,,,,,,,,,,,,,,,,,,,,,,,,,,,,,,,,,,,,,,,,,,,,,,,,,,,,,,,,,,,,,,,,,,,,,,,,,,,,,,,,,,,,,,,,,,,,,,,,,,,,,,,,,,,,,,,,,,,,,,,,,,,,,,,,,,,,,,,,,,,,,,,,,,,,,,,,,,,,,,,,,,,,,,,,,,,,,,,,,,,,,,,,,,,,,,,,,,,,,,,,,,,,,,,,,,,,,,,,,,,,,,,,,,,,,,,,,,,,,,,,,,,,,,,,,,,,,,,,,,,,,,,,,,,,
adithi,Genuine,0.141,0.422,0.281,0.186,0.478,0.292,0.15,0.543,0.393,0.14,0.652,0.512,0.141,0.367,0.226,0.609,0.502,-0.107,0.276,0.007,-0.269,0.727,0.541,-0.186,0.683,0.502,-0.181,0.7,0.554,-0.146,0.538,0.453,-0.085,-1756005279.821,,,,,,,,,,,,,,,,,,,,,,,,,,,,,,,,,,,,,,,,,,,,,,,,,,,,,,,,,,,,,,,,,,,,,,,,,,,,,,,,,,,,,,,,,,,,,,,,,,,,,,,,,,,,,,,,,,,,,,,,,,,,,,,,,,,,,,,,,,,,,,,,,,,,,,,,,,,,,,,,,,,,,,,,,,,,,,,,,,,,,,,,,,,,,,,,,,,,,,,,,,,,,,,,,,,,,,,,,,,,,,,,,,,,,,,,,,,,,,,,,,,,,,,,,,,,,,,,,,,,,,,,,,,,,,,,,,,,,,,,,,,,,,,,,,,,,,,,,,,,,,,,,,,,,,,,,,,,,,,,,,,,,,,,,,,,,,,,,,,,,,,,,,,,,,,,,,,,,,,,,,,,,,,,,,,,,,,,,,,,,,,,,,,,,,,,,,,,,,,,,,,,,,,,,,,,,,,,,,,,,,,,,,
adithi,Genuine,0.13,0.533,0.403,0.135,0.327,0.192,0.165,0.325,0.16,0.151,0.454,0.303,0.125,0.286,0.161,0.389,0.261,-0.128,0.251,0.779,0.528,0.14,0.357,0.217,0.167,0.363,0.196,0.134,0.341,0.207,0.145,,,,,,,,,,,,,,,,,,,,,,,,,,,,,,,,,,,,,,,,,,,,,,,,,,,,,,,,,,,,,,,,,,,,,,,,,,,,,,,,,,,,,,,,,,,,,,,,,,,,,,,,,,,,,,,,,,,,,,,,,,,,,,,,,,,,,,,,,,,,,,,,,,,,,,,,,,,,,,,,,,,,,,,,,,,,,,,,,,,,,,,,,,,,,,,,,,,,,,,,,,,,,,,,,,,,,,,,,,,,,,,,,,,,,,,,,,,,,,,,,,,,,,,,,,,,,,,,,,,,,,,,,,,,,,,,,,,,,,,,,,,,,,,,,,,,,,,,,,,,,,,,,,,,,,,,,,,,,,,,,,,,,,,,,,,,,,,,,,,,,,,,,,,,,,,,,,,,,,,,,,,,,,,,,,,,,,,,,,,,,,,,,,,,,,,,,,,,,,,,,,,,,,,,,,,,,,,,,,,,,,,,,,,,,
adithi,Genuine,0.11,0.544,0.434,0.14,0.441,0.301,0.166,0.453,0.287,0.15,0.527,0.377,0.124,0.524,0.4,0.453,0.341,-0.112,0.251,0.603,0.352,0.155,0.678,0.523,0.182,0.522,0.34,0.156,2.428,2.272,0.132,,,,,,,,,,,,,,,,,,,,,,,,,,,,,,,,,,,,,,,,,,,,,,,,,,,,,,,,,,,,,,,,,,,,,,,,,,,,,,,,,,,,,,,,,,,,,,,,,,,,,,,,,,,,,,,,,,,,,,,,,,,,,,,,,,,,,,,,,,,,,,,,,,,,,,,,,,,,,,,,,,,,,,,,,,,,,,,,,,,,,,,,,,,,,,,,,,,,,,,,,,,,,,,,,,,,,,,,,,,,,,,,,,,,,,,,,,,,,,,,,,,,,,,,,,,,,,,,,,,,,,,,,,,,,,,,,,,,,,,,,,,,,,,,,,,,,,,,,,,,,,,,,,,,,,,,,,,,,,,,,,,,,,,,,,,,,,,,,,,,,,,,,,,,,,,,,,,,,,,,,,,,,,,,,,,,,,,,,,,,,,,,,,,,,,,,,,,,,,,,,,,,,,,,,,,,,,,,,,,,,,,,,,,,,
adithi,Genuine,0.166,0.439,0.273,0.165,0.446,0.281,0.18,0.563,0.383,0.18,0.684,0.504,0.149,0.482,0.333,0.51,0.407,-0.103,0.13,0.557,0.427,0.161,0.353,0.192,0.171,0.425,0.254,0.127,0.368,0.241,0.136,,,,,,,,,,,,,,,,,,,,,,,,,,,,,,,,,,,,,,,,,,,,,,,,,,,,,,,,,,,,,,,,,,,,,,,,,,,,,,,,,,,,,,,,,,,,,,,,,,,,,,,,,,,,,,,,,,,,,,,,,,,,,,,,,,,,,,,,,,,,,,,,,,,,,,,,,,,,,,,,,,,,,,,,,,,,,,,,,,,,,,,,,,,,,,,,,,,,,,,,,,,,,,,,,,,,,,,,,,,,,,,,,,,,,,,,,,,,,,,,,,,,,,,,,,,,,,,,,,,,,,,,,,,,,,,,,,,,,,,,,,,,,,,,,,,,,,,,,,,,,,,,,,,,,,,,,,,,,,,,,,,,,,,,,,,,,,,,,,,,,,,,,,,,,,,,,,,,,,,,,,,,,,,,,,,,,,,,,,,,,,,,,,,,,,,,,,,,,,,,,,,,,,,,,,,,,,,,,,,,,,,,,,,,,
adithi,Genuine,0.083,0.487,0.404,0.145,0.476,0.331,0.18,0.422,0.242,0.172,0.728,0.556,0.142,0.267,0.125,0.558,0.427,-0.131,0.243,0.965,0.722,0.141,0.437,0.296,0.206,0.39,0.184,0.137,1.062,0.925,0.171,,,,,,,,,,,,,,,,,,,,,,,,,,,,,,,,,,,,,,,,,,,,,,,,,,,,,,,,,,,,,,,,,,,,,,,,,,,,,,,,,,,,,,,,,,,,,,,,,,,,,,,,,,,,,,,,,,,,,,,,,,,,,,,,,,,,,,,,,,,,,,,,,,,,,,,,,,,,,,,,,,,,,,,,,,,,,,,,,,,,,,,,,,,,,,,,,,,,,,,,,,,,,,,,,,,,,,,,,,,,,,,,,,,,,,,,,,,,,,,,,,,,,,,,,,,,,,,,,,,,,,,,,,,,,,,,,,,,,,,,,,,,,,,,,,,,,,,,,,,,,,,,,,,,,,,,,,,,,,,,,,,,,,,,,,,,,,,,,,,,,,,,,,,,,,,,,,,,,,,,,,,,,,,,,,,,,,,,,,,,,,,,,,,,,,,,,,,,,,,,,,,,,,,,,,,,,,,,,,,,,,,,,,,,,
adithi,Genuine,0.136,0.733,0.597,0.141,0.689,0.548,0.165,0.557,0.392,0.206,0.885,0.679,0.165,1.081,0.916,0.813,0.502,-0.311,0.482,0.032,-0.45,1.436,0.028,-1.408,2.146,0.031,-2.115,2.703,0.031,-2.672,3.436,0.004,-3.432,-1756005317.163,1.18,1756005318.343,-1756005318.343,0.713,1756005319.056,-1756005319.056,0.639,1756005319.695,-1756005319.695,0.744,1756005320.439,-1756005320.439,,,,,,,,,,,,,,,,,,,,,,,,,,,,,,,,,,,,,,,,,,,,,,,,,,,,,,,,,,,,,,,,,,,,,,,,,,,,,,,,,,,,,,,,,,,,,,,,,,,,,,,,,,,,,,,,,,,,,,,,,,,,,,,,,,,,,,,,,,,,,,,,,,,,,,,,,,,,,,,,,,,,,,,,,,,,,,,,,,,,,,,,,,,,,,,,,,,,,,,,,,,,,,,,,,,,,,,,,,,,,,,,,,,,,,,,,,,,,,,,,,,,,,,,,,,,,,,,,,,,,,,,,,,,,,,,,,,,,,,,,,,,,,,,,,,,,,,,,,,,,,,,,,,,,,,,,,,,,,,,,,,,,,,,,,,,,,,,,,,,,,,,,,,,,,,,,,,,,,,,,,,,,,,,,,,,,,,,,,,,,,,,,,,,,,,,,,,,,,,,,,,,,,,,,,,,,,
adithi,Genuine,0.181,0.638,0.457,0.182,0.735,0.553,0.191,0.899,0.708,0.243,0.648,0.405,0.171,0.79,0.619,0.694,0.502,-0.192,0.364,0.025,-0.339,1.491,1.297,-0.194,0.994,0.834,-0.16,0.769,0.633,-0.136,1.172,1.002,-0.17,-1756005330.401,,,,,,,,,,,,,,,,,,,,,,,,,,,,,,,,,,,,,,,,,,,,,,,,,,,,,,,,,,,,,,,,,,,,,,,,,,,,,,,,,,,,,,,,,,,,,,,,,,,,,,,,,,,,,,,,,,,,,,,,,,,,,,,,,,,,,,,,,,,,,,,,,,,,,,,,,,,,,,,,,,,,,,,,,,,,,,,,,,,,,,,,,,,,,,,,,,,,,,,,,,,,,,,,,,,,,,,,,,,,,,,,,,,,,,,,,,,,,,,,,,,,,,,,,,,,,,,,,,,,,,,,,,,,,,,,,,,,,,,,,,,,,,,,,,,,,,,,,,,,,,,,,,,,,,,,,,,,,,,,,,,,,,,,,,,,,,,,,,,,,,,,,,,,,,,,,,,,,,,,,,,,,,,,,,,,,,,,,,,,,,,,,,,,,,,,,,,,,,,,,,,,,,,,,,,,,,,,,,,,,,,,,,
adithi,Genuine,0.166,0.713,0.547,0.171,0.713,0.542,0.147,0.398,0.251,0.216,0.688,0.472,0.131,0.88,0.749,0.642,0.494,-0.148,0.254,0.761,0.507,0.201,0.804,0.603,0.217,0.58,0.363,0.125,0.87,0.745,0.254,,,,,,,,,,,,,,,,,,,,,,,,,,,,,,,,,,,,,,,,,,,,,,,,,,,,,,,,,,,,,,,,,,,,,,,,,,,,,,,,,,,,,,,,,,,,,,,,,,,,,,,,,,,,,,,,,,,,,,,,,,,,,,,,,,,,,,,,,,,,,,,,,,,,,,,,,,,,,,,,,,,,,,,,,,,,,,,,,,,,,,,,,,,,,,,,,,,,,,,,,,,,,,,,,,,,,,,,,,,,,,,,,,,,,,,,,,,,,,,,,,,,,,,,,,,,,,,,,,,,,,,,,,,,,,,,,,,,,,,,,,,,,,,,,,,,,,,,,,,,,,,,,,,,,,,,,,,,,,,,,,,,,,,,,,,,,,,,,,,,,,,,,,,,,,,,,,,,,,,,,,,,,,,,,,,,,,,,,,,,,,,,,,,,,,,,,,,,,,,,,,,,,,,,,,,,,,,,,,,,,,,,,,,,,
adithi,Genuine,0.151,0.644,0.493,0.17,0.652,0.482,0.217,0.544,0.327,0.185,0.954,0.769,0.196,1.022,0.826,0.914,0.502,-0.412,0.573,0.029,-0.544,1.402,0.031,-1.371,2.243,0.03,-2.213,3.001,0.03,-2.971,3.747,0.03,-3.717,-1756005348.813,0.03,1756005348.843,-1756005348.843,0.03,1756005348.873,-1756005348.873,0.03,1756005348.903,-1756005348.903,0.012,1756005348.915,-1756005348.915,0.973,1756005349.888,-1756005349.888,0.829,1756005350.717,-1756005350.717,0.825,1756005351.542,-1756005351.542,0.863,1756005352.405,-1756005352.405,,,,,,,,,,,,,,,,,,,,,,,,,,,,,,,,,,,,,,,,,,,,,,,,,,,,,,,,,,,,,,,,,,,,,,,,,,,,,,,,,,,,,,,,,,,,,,,,,,,,,,,,,,,,,,,,,,,,,,,,,,,,,,,,,,,,,,,,,,,,,,,,,,,,,,,,,,,,,,,,,,,,,,,,,,,,,,,,,,,,,,,,,,,,,,,,,,,,,,,,,,,,,,,,,,,,,,,,,,,,,,,,,,,,,,,,,,,,,,,,,,,,,,,,,,,,,,,,,,,,,,,,,,,,,,,,,,,,,,,,,,,,,,,,,,,,,,,,,,,,,,,,,,,,,,,,,,,,,,,,,,,,,,,,,,,,,,,,,,,,,,,,,,,,,,,,,,,,,,,,,,,,,,,,,,,,,,,,,,,,,,,,,,,,,,,,,,,,,,,,,,
adithi,Genuine,0.132,0.404,0.272,0.154,0.637,0.483,0.227,0.406,0.179,0.227,0.629,0.402,0.13,0.77,0.64,1.02,0.503,-0.517,0.687,0.03,-0.657,1.456,0.028,-1.428,1.87,0.031,-1.839,2.41,0.029,-2.381,3.112,0.03,-3.082,-1756005359.275,0.031,1756005359.306,-1756005359.306,0.03,1756005359.336,-1756005359.336,0.03,1756005359.366,-1756005359.366,0.03,1756005359.396,-1756005359.396,0.02,1756005359.416,-1756005359.416,0.972,1756005360.388,-1756005360.388,0.472,1756005360.86,-1756005360.86,0.603,1756005361.463,-1756005361.463,0.728,1756005362.191,-1756005362.191,,,,,,,,,,,,,,,,,,,,,,,,,,,,,,,,,,,,,,,,,,,,,,,,,,,,,,,,,,,,,,,,,,,,,,,,,,,,,,,,,,,,,,,,,,,,,,,,,,,,,,,,,,,,,,,,,,,,,,,,,,,,,,,,,,,,,,,,,,,,,,,,,,,,,,,,,,,,,,,,,,,,,,,,,,,,,,,,,,,,,,,,,,,,,,,,,,,,,,,,,,,,,,,,,,,,,,,,,,,,,,,,,,,,,,,,,,,,,,,,,,,,,,,,,,,,,,,,,,,,,,,,,,,,,,,,,,,,,,,,,,,,,,,,,,,,,,,,,,,,,,,,,,,,,,,,,,,,,,,,,,,,,,,,,,,,,,,,,,,,,,,,,,,,,,,,,,,,,,,,,,,,,,,,,,,,,,,,,,,,,,,,,,,,,,,,,,,,,,,
adithi,Genuine,0.176,1.308,1.132,0.205,0.491,0.286,0.199,0.392,0.193,0.241,0.674,0.433,0.185,0.794,0.609,0.865,0.503,-0.362,0.558,0.03,-0.528,1.005,0.031,-0.974,1.436,0.029,-1.407,1.704,0.032,-1.672,2.275,0.03,-2.245,-1756005369.384,0.029,1756005369.413,-1756005369.413,0.004,1756005369.417,-1756005369.417,0.684,1756005370.101,-1756005370.101,0.413,1756005370.514,-1756005370.514,0.397,1756005370.911,-1756005370.911,0.548,1756005371.459,-1756005371.459,,,,,,,,,,,,,,,,,,,,,,,,,,,,,,,,,,,,,,,,,,,,,,,,,,,,,,,,,,,,,,,,,,,,,,,,,,,,,,,,,,,,,,,,,,,,,,,,,,,,,,,,,,,,,,,,,,,,,,,,,,,,,,,,,,,,,,,,,,,,,,,,,,,,,,,,,,,,,,,,,,,,,,,,,,,,,,,,,,,,,,,,,,,,,,,,,,,,,,,,,,,,,,,,,,,,,,,,,,,,,,,,,,,,,,,,,,,,,,,,,,,,,,,,,,,,,,,,,,,,,,,,,,,,,,,,,,,,,,,,,,,,,,,,,,,,,,,,,,,,,,,,,,,,,,,,,,,,,,,,,,,,,,,,,,,,,,,,,,,,,,,,,,,,,,,,,,,,,,,,,,,,,,,,,,,,,,,,,,,,,,,,,,,,,,,,,,,,,,,,,,,,,,,,
adithi,Genuine,0.106,0.493,0.387,0.202,0.493,0.291,0.17,0.326,0.156,0.146,0.456,0.31,0.148,0.56,0.412,0.502,0.373,-0.129,0.26,0.371,0.111,0.18,0.286,0.106,0.196,0.377,0.181,0.16,0.653,0.493,0.165,,,,,,,,,,,,,,,,,,,,,,,,,,,,,,,,,,,,,,,,,,,,,,,,,,,,,,,,,,,,,,,,,,,,,,,,,,,,,,,,,,,,,,,,,,,,,,,,,,,,,,,,,,,,,,,,,,,,,,,,,,,,,,,,,,,,,,,,,,,,,,,,,,,,,,,,,,,,,,,,,,,,,,,,,,,,,,,,,,,,,,,,,,,,,,,,,,,,,,,,,,,,,,,,,,,,,,,,,,,,,,,,,,,,,,,,,,,,,,,,,,,,,,,,,,,,,,,,,,,,,,,,,,,,,,,,,,,,,,,,,,,,,,,,,,,,,,,,,,,,,,,,,,,,,,,,,,,,,,,,,,,,,,,,,,,,,,,,,,,,,,,,,,,,,,,,,,,,,,,,,,,,,,,,,,,,,,,,,,,,,,,,,,,,,,,,,,,,,,,,,,,,,,,,,,,,,,,,,,,,,,,,,,,,,
adithi,Genuine,0.151,0.422,0.271,0.161,0.387,0.226,0.227,0.538,0.311,0.201,0.508,0.307,0.139,0.707,0.568,1.1,0.502,-0.598,0.849,0.031,-0.818,1.816,0.03,-1.786,2.021,0.03,-1.991,2.609,0.03,-2.579,3.076,0.03,-3.046,-1756005383.166,0.03,1756005383.196,-1756005383.196,0.03,1756005383.226,-1756005383.226,0.031,1756005383.257,-1756005383.257,0.03,1756005383.287,-1756005383.287,0.03,1756005383.317,-1756005383.317,0.03,1756005383.347,-1756005383.347,0.03,1756005383.377,-1756005383.377,0.03,1756005383.407,-1756005383.407,0.031,1756005383.438,-1756005383.438,0.024,1756005383.462,-1756005383.462,1.199,1756005384.661,-1756005384.661,0.261,1756005384.922,-1756005384.922,0.652,1756005385.574,-1756005385.574,0.483,1756005386.057,-1756005386.057,,,,,,,,,,,,,,,,,,,,,,,,,,,,,,,,,,,,,,,,,,,,,,,,,,,,,,,,,,,,,,,,,,,,,,,,,,,,,,,,,,,,,,,,,,,,,,,,,,,,,,,,,,,,,,,,,,,,,,,,,,,,,,,,,,,,,,,,,,,,,,,,,,,,,,,,,,,,,,,,,,,,,,,,,,,,,,,,,,,,,,,,,,,,,,,,,,,,,,,,,,,,,,,,,,,,,,,,,,,,,,,,,,,,,,,,,,,,,,,,,,,,,,,,,,,,,,,,,,,,,,,,,,,,,,,,,,,,,,,,,,,,,,,,,,,,,,,,,,,,,,,,,,,,,,,,,,,,,,,,,,,,,,,,,,,,,,,,,,,,,,,,,,,,,,,,,,,,,,,,,,,,,,,,,,,,,,,,,,,,,,,,
adithi,Genuine,0.159,0.533,0.374,0.181,0.522,0.341,0.348,0.77,0.422,0.17,0.632,0.462,0.161,0.575,0.414,0.556,0.396,-0.16,0.248,0.472,0.224,0.13,0.307,0.177,0.21,0.421,0.211,0.186,0.78,0.594,0.185,,,,,,,,,,,,,,,,,,,,,,,,,,,,,,,,,,,,,,,,,,,,,,,,,,,,,,,,,,,,,,,,,,,,,,,,,,,,,,,,,,,,,,,,,,,,,,,,,,,,,,,,,,,,,,,,,,,,,,,,,,,,,,,,,,,,,,,,,,,,,,,,,,,,,,,,,,,,,,,,,,,,,,,,,,,,,,,,,,,,,,,,,,,,,,,,,,,,,,,,,,,,,,,,,,,,,,,,,,,,,,,,,,,,,,,,,,,,,,,,,,,,,,,,,,,,,,,,,,,,,,,,,,,,,,,,,,,,,,,,,,,,,,,,,,,,,,,,,,,,,,,,,,,,,,,,,,,,,,,,,,,,,,,,,,,,,,,,,,,,,,,,,,,,,,,,,,,,,,,,,,,,,,,,,,,,,,,,,,,,,,,,,,,,,,,,,,,,,,,,,,,,,,,,,,,,,,,,,,,,,,,,,,,,,
adithi,Genuine,0.146,0.508,0.362,0.153,0.377,0.224,0.222,0.563,0.341,0.201,0.689,0.488,0.135,0.652,0.517,0.528,0.352,-0.176,0.331,0.467,0.136,0.177,0.306,0.129,0.207,0.468,0.261,0.172,0.691,0.519,0.17,,,,,,,,,,,,,,,,,,,,,,,,,,,,,,,,,,,,,,,,,,,,,,,,,,,,,,,,,,,,,,,,,,,,,,,,,,,,,,,,,,,,,,,,,,,,,,,,,,,,,,,,,,,,,,,,,,,,,,,,,,,,,,,,,,,,,,,,,,,,,,,,,,,,,,,,,,,,,,,,,,,,,,,,,,,,,,,,,,,,,,,,,,,,,,,,,,,,,,,,,,,,,,,,,,,,,,,,,,,,,,,,,,,,,,,,,,,,,,,,,,,,,,,,,,,,,,,,,,,,,,,,,,,,,,,,,,,,,,,,,,,,,,,,,,,,,,,,,,,,,,,,,,,,,,,,,,,,,,,,,,,,,,,,,,,,,,,,,,,,,,,,,,,,,,,,,,,,,,,,,,,,,,,,,,,,,,,,,,,,,,,,,,,,,,,,,,,,,,,,,,,,,,,,,,,,,,,,,,,,,,,,,,,,,
adithi,Genuine,0.12,0.638,0.518,0.146,0.437,0.291,0.125,0.462,0.337,0.146,0.457,0.311,0.111,0.513,0.402,0.834,0.504,-0.33,0.496,0.029,-0.467,0.864,0.031,-0.833,1.386,0.029,-1.357,1.769,0.03,-1.739,2.291,0.027,-2.264,-1756005404.039,0.566,1756005404.605,-1756005404.605,0.513,1756005405.118,-1756005405.118,0.467,1756005405.585,-1756005405.585,0.578,1756005406.163,-1756005406.163,,,,,,,,,,,,,,,,,,,,,,,,,,,,,,,,,,,,,,,,,,,,,,,,,,,,,,,,,,,,,,,,,,,,,,,,,,,,,,,,,,,,,,,,,,,,,,,,,,,,,,,,,,,,,,,,,,,,,,,,,,,,,,,,,,,,,,,,,,,,,,,,,,,,,,,,,,,,,,,,,,,,,,,,,,,,,,,,,,,,,,,,,,,,,,,,,,,,,,,,,,,,,,,,,,,,,,,,,,,,,,,,,,,,,,,,,,,,,,,,,,,,,,,,,,,,,,,,,,,,,,,,,,,,,,,,,,,,,,,,,,,,,,,,,,,,,,,,,,,,,,,,,,,,,,,,,,,,,,,,,,,,,,,,,,,,,,,,,,,,,,,,,,,,,,,,,,,,,,,,,,,,,,,,,,,,,,,,,,,,,,,,,,,,,,,,,,,,,,,,,,,,,,,,,,,,,,
adithi,Genuine,0.126,0.437,0.311,0.206,0.472,0.266,0.176,0.473,0.297,0.131,0.604,0.473,0.16,0.526,0.366,0.925,0.502,-0.423,0.659,0.031,-0.628,0.991,0.03,-0.961,1.574,0.03,-1.544,1.945,0.031,-1.914,2.411,0.03,-2.381,-1756005410.646,0.029,1756005410.675,-1756005410.675,0.031,1756005410.706,-1756005410.706,0.031,1756005410.737,-1756005410.737,0.004,1756005410.741,-1756005410.741,0.599,1756005411.34,-1756005411.34,0.562,1756005411.902,-1756005411.902,0.447,1756005412.349,-1756005412.349,0.482,1756005412.831,-1756005412.831,,,,,,,,,,,,,,,,,,,,,,,,,,,,,,,,,,,,,,,,,,,,,,,,,,,,,,,,,,,,,,,,,,,,,,,,,,,,,,,,,,,,,,,,,,,,,,,,,,,,,,,,,,,,,,,,,,,,,,,,,,,,,,,,,,,,,,,,,,,,,,,,,,,,,,,,,,,,,,,,,,,,,,,,,,,,,,,,,,,,,,,,,,,,,,,,,,,,,,,,,,,,,,,,,,,,,,,,,,,,,,,,,,,,,,,,,,,,,,,,,,,,,,,,,,,,,,,,,,,,,,,,,,,,,,,,,,,,,,,,,,,,,,,,,,,,,,,,,,,,,,,,,,,,,,,,,,,,,,,,,,,,,,,,,,,,,,,,,,,,,,,,,,,,,,,,,,,,,,,,,,,,,,,,,,,,,,,,,,,,,,,,,,,,,,,,,,,,,,,,,,
adithi,Genuine,0.11,0.422,0.312,0.171,0.393,0.222,0.19,0.432,0.242,0.185,0.558,0.373,0.13,0.532,0.402,0.663,0.503,-0.16,0.356,0.005,-0.351,0.633,0.447,-0.186,0.658,0.472,-0.186,0.543,0.362,-0.181,0.583,0.443,-0.14,-1756005418.768,,,,,,,,,,,,,,,,,,,,,,,,,,,,,,,,,,,,,,,,,,,,,,,,,,,,,,,,,,,,,,,,,,,,,,,,,,,,,,,,,,,,,,,,,,,,,,,,,,,,,,,,,,,,,,,,,,,,,,,,,,,,,,,,,,,,,,,,,,,,,,,,,,,,,,,,,,,,,,,,,,,,,,,,,,,,,,,,,,,,,,,,,,,,,,,,,,,,,,,,,,,,,,,,,,,,,,,,,,,,,,,,,,,,,,,,,,,,,,,,,,,,,,,,,,,,,,,,,,,,,,,,,,,,,,,,,,,,,,,,,,,,,,,,,,,,,,,,,,,,,,,,,,,,,,,,,,,,,,,,,,,,,,,,,,,,,,,,,,,,,,,,,,,,,,,,,,,,,,,,,,,,,,,,,,,,,,,,,,,,,,,,,,,,,,,,,,,,,,,,,,,,,,,,,,,,,,,,,,,,,,,,,,
adithi,Genuine,0.14,0.587,0.447,0.167,0.312,0.145,0.213,0.568,0.355,0.141,0.538,0.397,0.166,0.603,0.437,0.613,0.459,-0.154,0.266,0.431,0.165,0.18,0.326,0.146,0.221,0.738,0.517,0.136,0.468,0.332,0.156,,,,,,,,,,,,,,,,,,,,,,,,,,,,,,,,,,,,,,,,,,,,,,,,,,,,,,,,,,,,,,,,,,,,,,,,,,,,,,,,,,,,,,,,,,,,,,,,,,,,,,,,,,,,,,,,,,,,,,,,,,,,,,,,,,,,,,,,,,,,,,,,,,,,,,,,,,,,,,,,,,,,,,,,,,,,,,,,,,,,,,,,,,,,,,,,,,,,,,,,,,,,,,,,,,,,,,,,,,,,,,,,,,,,,,,,,,,,,,,,,,,,,,,,,,,,,,,,,,,,,,,,,,,,,,,,,,,,,,,,,,,,,,,,,,,,,,,,,,,,,,,,,,,,,,,,,,,,,,,,,,,,,,,,,,,,,,,,,,,,,,,,,,,,,,,,,,,,,,,,,,,,,,,,,,,,,,,,,,,,,,,,,,,,,,,,,,,,,,,,,,,,,,,,,,,,,,,,,,,,,,,,,,,,,
adithi,Genuine,0.145,0.402,0.257,0.176,0.432,0.256,0.192,0.267,0.075,0.15,0.472,0.322,0.155,0.512,0.357,0.723,0.503,-0.22,0.296,0.03,-0.266,0.628,0.03,-0.598,1.005,0.02,-0.985,1.448,0.418,-1.03,1.482,0.371,-1.111,-1756005434.874,0.518,1756005435.392,-1756005435.392,0.412,1756005435.804,-1756005435.804,,,,,,,,,,,,,,,,,,,,,,,,,,,,,,,,,,,,,,,,,,,,,,,,,,,,,,,,,,,,,,,,,,,,,,,,,,,,,,,,,,,,,,,,,,,,,,,,,,,,,,,,,,,,,,,,,,,,,,,,,,,,,,,,,,,,,,,,,,,,,,,,,,,,,,,,,,,,,,,,,,,,,,,,,,,,,,,,,,,,,,,,,,,,,,,,,,,,,,,,,,,,,,,,,,,,,,,,,,,,,,,,,,,,,,,,,,,,,,,,,,,,,,,,,,,,,,,,,,,,,,,,,,,,,,,,,,,,,,,,,,,,,,,,,,,,,,,,,,,,,,,,,,,,,,,,,,,,,,,,,,,,,,,,,,,,,,,,,,,,,,,,,,,,,,,,,,,,,,,,,,,,,,,,,,,,,,,,,,,,,,,,,,,,,,,,,,,,,,,,,,,,,,,,,,,,,,,,,,,,
adithi,Genuine,0.135,0.578,0.443,0.211,0.275,0.064,0.136,0.322,0.186,0.127,0.402,0.275,0.131,0.653,0.522,0.588,0.448,-0.14,0.271,0.443,0.172,0.155,0.327,0.172,0.226,0.35,0.124,0.183,0.78,0.597,0.146,,,,,,,,,,,,,,,,,,,,,,,,,,,,,,,,,,,,,,,,,,,,,,,,,,,,,,,,,,,,,,,,,,,,,,,,,,,,,,,,,,,,,,,,,,,,,,,,,,,,,,,,,,,,,,,,,,,,,,,,,,,,,,,,,,,,,,,,,,,,,,,,,,,,,,,,,,,,,,,,,,,,,,,,,,,,,,,,,,,,,,,,,,,,,,,,,,,,,,,,,,,,,,,,,,,,,,,,,,,,,,,,,,,,,,,,,,,,,,,,,,,,,,,,,,,,,,,,,,,,,,,,,,,,,,,,,,,,,,,,,,,,,,,,,,,,,,,,,,,,,,,,,,,,,,,,,,,,,,,,,,,,,,,,,,,,,,,,,,,,,,,,,,,,,,,,,,,,,,,,,,,,,,,,,,,,,,,,,,,,,,,,,,,,,,,,,,,,,,,,,,,,,,,,,,,,,,,,,,,,,,,,,,,,,
adithi,Genuine,0.141,0.323,0.182,0.341,0.992,0.651,0.193,0.882,0.689,0.111,0.372,0.261,0.116,0.447,0.331,0.669,0.503,-0.166,0.211,0.004,-0.207,0.498,0.358,-0.14,0.467,0.287,-0.18,0.421,0.27,-0.151,0.861,0.76,-0.101,-1756005454.178,,,,,,,,,,,,,,,,,,,,,,,,,,,,,,,,,,,,,,,,,,,,,,,,,,,,,,,,,,,,,,,,,,,,,,,,,,,,,,,,,,,,,,,,,,,,,,,,,,,,,,,,,,,,,,,,,,,,,,,,,,,,,,,,,,,,,,,,,,,,,,,,,,,,,,,,,,,,,,,,,,,,,,,,,,,,,,,,,,,,,,,,,,,,,,,,,,,,,,,,,,,,,,,,,,,,,,,,,,,,,,,,,,,,,,,,,,,,,,,,,,,,,,,,,,,,,,,,,,,,,,,,,,,,,,,,,,,,,,,,,,,,,,,,,,,,,,,,,,,,,,,,,,,,,,,,,,,,,,,,,,,,,,,,,,,,,,,,,,,,,,,,,,,,,,,,,,,,,,,,,,,,,,,,,,,,,,,,,,,,,,,,,,,,,,,,,,,,,,,,,,,,,,,,,,,,,,,,,,,,,,,,,,
adithi,Genuine,0.141,0.473,0.332,0.145,0.271,0.126,0.14,0.316,0.176,0.11,0.423,0.313,0.145,0.929,0.784,0.709,0.503,-0.206,0.266,0.03,-0.236,0.549,0.02,-0.529,0.834,0.36,-0.474,0.751,0.334,-0.417,0.874,0.276,-0.598,-1756005460.293,0.463,1756005460.756,-1756005460.756,,,,,,,,,,,,,,,,,,,,,,,,,,,,,,,,,,,,,,,,,,,,,,,,,,,,,,,,,,,,,,,,,,,,,,,,,,,,,,,,,,,,,,,,,,,,,,,,,,,,,,,,,,,,,,,,,,,,,,,,,,,,,,,,,,,,,,,,,,,,,,,,,,,,,,,,,,,,,,,,,,,,,,,,,,,,,,,,,,,,,,,,,,,,,,,,,,,,,,,,,,,,,,,,,,,,,,,,,,,,,,,,,,,,,,,,,,,,,,,,,,,,,,,,,,,,,,,,,,,,,,,,,,,,,,,,,,,,,,,,,,,,,,,,,,,,,,,,,,,,,,,,,,,,,,,,,,,,,,,,,,,,,,,,,,,,,,,,,,,,,,,,,,,,,,,,,,,,,,,,,,,,,,,,,,,,,,,,,,,,,,,,,,,,,,,,,,,,,,,,,,,,,,,,,,,,,,,,,,,,,,,
adithi,Genuine,0.126,0.478,0.352,0.186,0.397,0.211,0.157,0.302,0.145,0.175,1.056,0.881,0.113,0.507,0.394,0.462,0.312,-0.15,0.206,0.356,0.15,0.171,0.311,0.14,0.193,0.46,0.267,0.22,0.864,0.644,0.159,,,,,,,,,,,,,,,,,,,,,,,,,,,,,,,,,,,,,,,,,,,,,,,,,,,,,,,,,,,,,,,,,,,,,,,,,,,,,,,,,,,,,,,,,,,,,,,,,,,,,,,,,,,,,,,,,,,,,,,,,,,,,,,,,,,,,,,,,,,,,,,,,,,,,,,,,,,,,,,,,,,,,,,,,,,,,,,,,,,,,,,,,,,,,,,,,,,,,,,,,,,,,,,,,,,,,,,,,,,,,,,,,,,,,,,,,,,,,,,,,,,,,,,,,,,,,,,,,,,,,,,,,,,,,,,,,,,,,,,,,,,,,,,,,,,,,,,,,,,,,,,,,,,,,,,,,,,,,,,,,,,,,,,,,,,,,,,,,,,,,,,,,,,,,,,,,,,,,,,,,,,,,,,,,,,,,,,,,,,,,,,,,,,,,,,,,,,,,,,,,,,,,,,,,,,,,,,,,,,,,,,,,,,,,
adithi,Genuine,0.117,0.548,0.431,0.14,0.317,0.177,0.145,0.647,0.502,0.116,0.323,0.207,0.11,0.482,0.372,0.466,0.341,-0.125,0.155,0.754,0.599,0.17,0.714,0.544,0.156,0.358,0.202,0.179,0.547,0.368,0.145,,,,,,,,,,,,,,,,,,,,,,,,,,,,,,,,,,,,,,,,,,,,,,,,,,,,,,,,,,,,,,,,,,,,,,,,,,,,,,,,,,,,,,,,,,,,,,,,,,,,,,,,,,,,,,,,,,,,,,,,,,,,,,,,,,,,,,,,,,,,,,,,,,,,,,,,,,,,,,,,,,,,,,,,,,,,,,,,,,,,,,,,,,,,,,,,,,,,,,,,,,,,,,,,,,,,,,,,,,,,,,,,,,,,,,,,,,,,,,,,,,,,,,,,,,,,,,,,,,,,,,,,,,,,,,,,,,,,,,,,,,,,,,,,,,,,,,,,,,,,,,,,,,,,,,,,,,,,,,,,,,,,,,,,,,,,,,,,,,,,,,,,,,,,,,,,,,,,,,,,,,,,,,,,,,,,,,,,,,,,,,,,,,,,,,,,,,,,,,,,,,,,,,,,,,,,,,,,,,,,,,,,,,,,,
adithi,Genuine,0.151,0.815,0.664,0.185,0.658,0.473,0.155,0.369,0.214,0.123,0.555,0.432,0.131,1.096,0.965,0.568,0.396,-0.172,0.182,1.056,0.874,0.227,0.805,0.578,0.129,0.497,0.368,0.175,0.567,0.392,0.185,,,,,,,,,,,,,,,,,,,,,,,,,,,,,,,,,,,,,,,,,,,,,,,,,,,,,,,,,,,,,,,,,,,,,,,,,,,,,,,,,,,,,,,,,,,,,,,,,,,,,,,,,,,,,,,,,,,,,,,,,,,,,,,,,,,,,,,,,,,,,,,,,,,,,,,,,,,,,,,,,,,,,,,,,,,,,,,,,,,,,,,,,,,,,,,,,,,,,,,,,,,,,,,,,,,,,,,,,,,,,,,,,,,,,,,,,,,,,,,,,,,,,,,,,,,,,,,,,,,,,,,,,,,,,,,,,,,,,,,,,,,,,,,,,,,,,,,,,,,,,,,,,,,,,,,,,,,,,,,,,,,,,,,,,,,,,,,,,,,,,,,,,,,,,,,,,,,,,,,,,,,,,,,,,,,,,,,,,,,,,,,,,,,,,,,,,,,,,,,,,,,,,,,,,,,,,,,,,,,,,,,,,,,,,
adithi,Genuine,0.209,1.136,0.927,0.175,0.491,0.316,0.172,2.358,2.186,0.12,0.538,0.418,0.141,0.656,0.515,0.68,0.499,-0.181,0.256,0.03,-0.226,0.84,0.01,-0.83,1.311,0.669,-0.642,0.988,0.517,-0.471,1.035,0.336,-0.699,-1756005497.795,0.542,1756005498.337,-1756005498.337,,,,,,,,,,,,,,,,,,,,,,,,,,,,,,,,,,,,,,,,,,,,,,,,,,,,,,,,,,,,,,,,,,,,,,,,,,,,,,,,,,,,,,,,,,,,,,,,,,,,,,,,,,,,,,,,,,,,,,,,,,,,,,,,,,,,,,,,,,,,,,,,,,,,,,,,,,,,,,,,,,,,,,,,,,,,,,,,,,,,,,,,,,,,,,,,,,,,,,,,,,,,,,,,,,,,,,,,,,,,,,,,,,,,,,,,,,,,,,,,,,,,,,,,,,,,,,,,,,,,,,,,,,,,,,,,,,,,,,,,,,,,,,,,,,,,,,,,,,,,,,,,,,,,,,,,,,,,,,,,,,,,,,,,,,,,,,,,,,,,,,,,,,,,,,,,,,,,,,,,,,,,,,,,,,,,,,,,,,,,,,,,,,,,,,,,,,,,,,,,,,,,,,,,,,,,,,,,,,,,,,,
adithi,Genuine,0.102,0.524,0.422,0.149,0.562,0.413,0.186,0.361,0.175,0.166,0.389,0.223,0.154,0.555,0.401,0.578,0.418,-0.16,0.245,0.427,0.182,0.189,0.454,0.265,0.245,0.684,0.439,0.129,0.556,0.427,0.116,,,,,,,,,,,,,,,,,,,,,,,,,,,,,,,,,,,,,,,,,,,,,,,,,,,,,,,,,,,,,,,,,,,,,,,,,,,,,,,,,,,,,,,,,,,,,,,,,,,,,,,,,,,,,,,,,,,,,,,,,,,,,,,,,,,,,,,,,,,,,,,,,,,,,,,,,,,,,,,,,,,,,,,,,,,,,,,,,,,,,,,,,,,,,,,,,,,,,,,,,,,,,,,,,,,,,,,,,,,,,,,,,,,,,,,,,,,,,,,,,,,,,,,,,,,,,,,,,,,,,,,,,,,,,,,,,,,,,,,,,,,,,,,,,,,,,,,,,,,,,,,,,,,,,,,,,,,,,,,,,,,,,,,,,,,,,,,,,,,,,,,,,,,,,,,,,,,,,,,,,,,,,,,,,,,,,,,,,,,,,,,,,,,,,,,,,,,,,,,,,,,,,,,,,,,,,,,,,,,,,,,,,,,,,
adithi,Genuine,0.147,0.507,0.36,0.196,0.755,0.559,0.191,0.848,0.657,0.156,0.478,0.322,0.171,0.538,0.367,0.568,0.376,-0.192,0.221,0.484,0.263,0.18,0.923,0.743,0.194,0.342,0.148,0.141,0.665,0.524,0.134,,,,,,,,,,,,,,,,,,,,,,,,,,,,,,,,,,,,,,,,,,,,,,,,,,,,,,,,,,,,,,,,,,,,,,,,,,,,,,,,,,,,,,,,,,,,,,,,,,,,,,,,,,,,,,,,,,,,,,,,,,,,,,,,,,,,,,,,,,,,,,,,,,,,,,,,,,,,,,,,,,,,,,,,,,,,,,,,,,,,,,,,,,,,,,,,,,,,,,,,,,,,,,,,,,,,,,,,,,,,,,,,,,,,,,,,,,,,,,,,,,,,,,,,,,,,,,,,,,,,,,,,,,,,,,,,,,,,,,,,,,,,,,,,,,,,,,,,,,,,,,,,,,,,,,,,,,,,,,,,,,,,,,,,,,,,,,,,,,,,,,,,,,,,,,,,,,,,,,,,,,,,,,,,,,,,,,,,,,,,,,,,,,,,,,,,,,,,,,,,,,,,,,,,,,,,,,,,,,,,,,,,,,,,,
adithi,Genuine,0.161,0.593,0.432,0.176,0.483,0.307,0.125,0.321,0.196,0.146,0.472,0.326,0.131,0.518,0.387,1.246,0.503,-0.743,0.929,0.03,-0.899,1.341,0.03,-1.311,1.748,0.03,-1.718,2.0,0.03,-1.97,2.362,0.03,-2.332,-1756005520.664,0.031,1756005520.695,-1756005520.695,0.03,1756005520.725,-1756005520.725,0.03,1756005520.755,-1756005520.755,0.03,1756005520.785,-1756005520.785,0.03,1756005520.815,-1756005520.815,0.03,1756005520.845,-1756005520.845,0.03,1756005520.875,-1756005520.875,0.03,1756005520.905,-1756005520.905,0.031,1756005520.936,-1756005520.936,0.029,1756005520.965,-1756005520.965,0.031,1756005520.996,-1756005520.996,0.03,1756005521.026,-1756005521.026,0.03,1756005521.056,-1756005521.056,0.03,1756005521.086,-1756005521.086,0.005,1756005521.091,-1756005521.091,0.608,1756005521.699,-1756005521.699,0.387,1756005522.086,-1756005522.086,0.412,1756005522.498,-1756005522.498,0.342,1756005522.84,-1756005522.84,,,,,,,,,,,,,,,,,,,,,,,,,,,,,,,,,,,,,,,,,,,,,,,,,,,,,,,,,,,,,,,,,,,,,,,,,,,,,,,,,,,,,,,,,,,,,,,,,,,,,,,,,,,,,,,,,,,,,,,,,,,,,,,,,,,,,,,,,,,,,,,,,,,,,,,,,,,,,,,,,,,,,,,,,,,,,,,,,,,,,,,,,,,,,,,,,,,,,,,,,,,,,,,,,,,,,,,,,,,,,,,,,,,,,,,,,,,,,,,,,,,,,,,,,,,,,,,,,,,,,,,,,,,,,,,,,,,,,,,,,,,,,,,,,,,,,,,,,,,,,,,,,,,,,,,,,,,,,,,,,,,,,,,,,,,,,,,,,,,,,,,,,,,,,,,,,,,,,,,,,,,,,,,,,
adithi,Genuine,0.106,0.583,0.477,0.146,0.397,0.251,0.176,0.482,0.306,0.151,0.462,0.311,0.142,0.533,0.391,0.538,0.362,-0.176,0.261,0.524,0.263,0.175,0.521,0.346,0.162,0.599,0.437,0.115,0.517,0.402,0.171,,,,,,,,,,,,,,,,,,,,,,,,,,,,,,,,,,,,,,,,,,,,,,,,,,,,,,,,,,,,,,,,,,,,,,,,,,,,,,,,,,,,,,,,,,,,,,,,,,,,,,,,,,,,,,,,,,,,,,,,,,,,,,,,,,,,,,,,,,,,,,,,,,,,,,,,,,,,,,,,,,,,,,,,,,,,,,,,,,,,,,,,,,,,,,,,,,,,,,,,,,,,,,,,,,,,,,,,,,,,,,,,,,,,,,,,,,,,,,,,,,,,,,,,,,,,,,,,,,,,,,,,,,,,,,,,,,,,,,,,,,,,,,,,,,,,,,,,,,,,,,,,,,,,,,,,,,,,,,,,,,,,,,,,,,,,,,,,,,,,,,,,,,,,,,,,,,,,,,,,,,,,,,,,,,,,,,,,,,,,,,,,,,,,,,,,,,,,,,,,,,,,,,,,,,,,,,,,,,,,,,,,,,,,,
adithi,Genuine,0.138,0.72,0.582,0.201,0.412,0.211,0.176,0.352,0.176,0.146,0.578,0.432,0.141,0.514,0.373,0.712,0.502,-0.21,0.276,0.029,-0.247,0.745,0.03,-0.715,1.201,0.006,-1.195,1.728,0.543,-1.185,2.477,0.458,-2.019,-1756005535.994,0.577,1756005536.571,-1756005536.571,1.271,1756005537.842,-1756005537.842,,,,,,,,,,,,,,,,,,,,,,,,,,,,,,,,,,,,,,,,,,,,,,,,,,,,,,,,,,,,,,,,,,,,,,,,,,,,,,,,,,,,,,,,,,,,,,,,,,,,,,,,,,,,,,,,,,,,,,,,,,,,,,,,,,,,,,,,,,,,,,,,,,,,,,,,,,,,,,,,,,,,,,,,,,,,,,,,,,,,,,,,,,,,,,,,,,,,,,,,,,,,,,,,,,,,,,,,,,,,,,,,,,,,,,,,,,,,,,,,,,,,,,,,,,,,,,,,,,,,,,,,,,,,,,,,,,,,,,,,,,,,,,,,,,,,,,,,,,,,,,,,,,,,,,,,,,,,,,,,,,,,,,,,,,,,,,,,,,,,,,,,,,,,,,,,,,,,,,,,,,,,,,,,,,,,,,,,,,,,,,,,,,,,,,,,,,,,,,,,,,,,,,,,,,,,,,,,,,,,
adithi,Genuine,0.153,0.729,0.576,0.145,0.371,0.226,0.222,0.369,0.147,0.164,0.491,0.327,0.151,0.704,0.553,0.503,0.371,-0.132,0.171,0.263,0.092,0.18,0.345,0.165,0.212,0.704,0.492,0.172,0.467,0.295,0.187,,,,,,,,,,,,,,,,,,,,,,,,,,,,,,,,,,,,,,,,,,,,,,,,,,,,,,,,,,,,,,,,,,,,,,,,,,,,,,,,,,,,,,,,,,,,,,,,,,,,,,,,,,,,,,,,,,,,,,,,,,,,,,,,,,,,,,,,,,,,,,,,,,,,,,,,,,,,,,,,,,,,,,,,,,,,,,,,,,,,,,,,,,,,,,,,,,,,,,,,,,,,,,,,,,,,,,,,,,,,,,,,,,,,,,,,,,,,,,,,,,,,,,,,,,,,,,,,,,,,,,,,,,,,,,,,,,,,,,,,,,,,,,,,,,,,,,,,,,,,,,,,,,,,,,,,,,,,,,,,,,,,,,,,,,,,,,,,,,,,,,,,,,,,,,,,,,,,,,,,,,,,,,,,,,,,,,,,,,,,,,,,,,,,,,,,,,,,,,,,,,,,,,,,,,,,,,,,,,,,,,,,,,,,,
adithi,Genuine,0.141,0.699,0.558,0.272,0.362,0.09,0.202,0.624,0.422,0.144,0.461,0.317,0.178,0.81,0.632,1.274,0.503,-0.771,0.904,0.029,-0.875,2.428,0.03,-2.398,3.222,0.031,-3.191,4.452,0.031,-4.421,5.562,0.03,-5.532,-1756005551.668,0.029,1756005551.697,-1756005551.697,0.032,1756005551.729,-1756005551.729,0.029,1756005551.758,-1756005551.758,0.03,1756005551.788,-1756005551.788,0.03,1756005551.818,-1756005551.818,0.031,1756005551.849,-1756005551.849,0.029,1756005551.878,-1756005551.878,0.03,1756005551.908,-1756005551.908,0.031,1756005551.939,-1756005551.939,0.031,1756005551.97,-1756005551.97,0.03,1756005552.0,-1756005552.0,0.029,1756005552.029,-1756005552.029,0.031,1756005552.06,-1756005552.06,0.029,1756005552.089,-1756005552.089,0.031,1756005552.12,-1756005552.12,0.004,1756005552.124,-1756005552.124,1.563,1756005553.687,-1756005553.687,0.91,1756005554.597,-1756005554.597,1.297,1756005555.894,-1756005555.894,1.12,1756005557.014,-1756005557.014,,,,,,,,,,,,,,,,,,,,,,,,,,,,,,,,,,,,,,,,,,,,,,,,,,,,,,,,,,,,,,,,,,,,,,,,,,,,,,,,,,,,,,,,,,,,,,,,,,,,,,,,,,,,,,,,,,,,,,,,,,,,,,,,,,,,,,,,,,,,,,,,,,,,,,,,,,,,,,,,,,,,,,,,,,,,,,,,,,,,,,,,,,,,,,,,,,,,,,,,,,,,,,,,,,,,,,,,,,,,,,,,,,,,,,,,,,,,,,,,,,,,,,,,,,,,,,,,,,,,,,,,,,,,,,,,,,,,,,,,,,,,,,,,,,,,,,,,,,,,,,,,,,,,,,,,,,,,,,,,,,,,,,,,,,,,,,,,,,,,,,,,,,,,,,,,,,,,,,,,,,,,,,
adithi,Genuine,0.101,0.619,0.518,0.165,0.475,0.31,0.235,0.375,0.14,0.15,0.633,0.483,0.131,0.552,0.421,0.682,0.501,-0.181,0.252,0.031,-0.221,0.608,0.019,-0.589,0.912,0.312,-0.6,0.965,0.377,-0.588,1.338,0.378,-0.96,-1756005563.517,0.713,1756005564.23,-1756005564.23,,,,,,,,,,,,,,,,,,,,,,,,,,,,,,,,,,,,,,,,,,,,,,,,,,,,,,,,,,,,,,,,,,,,,,,,,,,,,,,,,,,,,,,,,,,,,,,,,,,,,,,,,,,,,,,,,,,,,,,,,,,,,,,,,,,,,,,,,,,,,,,,,,,,,,,,,,,,,,,,,,,,,,,,,,,,,,,,,,,,,,,,,,,,,,,,,,,,,,,,,,,,,,,,,,,,,,,,,,,,,,,,,,,,,,,,,,,,,,,,,,,,,,,,,,,,,,,,,,,,,,,,,,,,,,,,,,,,,,,,,,,,,,,,,,,,,,,,,,,,,,,,,,,,,,,,,,,,,,,,,,,,,,,,,,,,,,,,,,,,,,,,,,,,,,,,,,,,,,,,,,,,,,,,,,,,,,,,,,,,,,,,,,,,,,,,,,,,,,,,,,,,,,,,,,,,,,,,,,,,,,,
adithi,Genuine,0.119,0.743,0.624,0.164,0.638,0.474,0.226,0.926,0.7,0.189,0.772,0.583,0.135,0.539,0.404,1.16,0.501,-0.659,2.389,0.031,-2.358,2.618,0.03,-2.588,3.498,0.03,-3.468,4.1,0.03,-4.07,4.995,0.03,-4.965,5.685,0.03,-5.655,-1756005570.703,0.03,1756005570.733,-1756005570.733,0.031,1756005570.764,-1756005570.764,0.031,1756005570.795,-1756005570.795,0.029,1756005570.824,-1756005570.824,0.031,1756005570.855,-1756005570.855,0.029,1756005570.884,-1756005570.884,0.03,1756005570.914,-1756005570.914,0.031,1756005570.945,-1756005570.945,0.03,1756005570.975,-1756005570.975,0.03,1756005571.005,-1756005571.005,0.03,1756005571.035,-1756005571.035,0.03,1756005571.065,-1756005571.065,0.031,1756005571.096,-1756005571.096,0.03,1756005571.126,-1756005571.126,0.031,1756005571.157,-1756005571.157,0.054,1756005571.211,-1756005571.211,0.502,1756005571.713,-1756005571.713,0.031,1756005571.744,-1756005571.744,0.029,1756005571.773,-1756005571.773,0.031,1756005571.804,-1756005571.804,0.03,1756005571.834,-1756005571.834,0.03,1756005571.864,-1756005571.864,0.031,1756005571.895,-1756005571.895,0.03,1756005571.925,-1756005571.925,0.029,1756005571.954,-1756005571.954,0.031,1756005571.985,-1756005571.985,0.03,1756005572.015,-1756005572.015,0.03,1756005572.045,-1756005572.045,0.03,1756005572.075,-1756005572.075,0.031,1756005572.106,-1756005572.106,0.031,1756005572.137,-1756005572.137,0.031,1756005572.168,-1756005572.168,0.029,1756005572.197,-1756005572.197,0.031,1756005572.228,-1756005572.228,0.029,1756005572.257,-1756005572.257,0.03,1756005572.287,-1756005572.287,0.03,1756005572.317,-1756005572.317,0.03,1756005572.347,-1756005572.347,0.03,1756005572.377,-1756005572.377,0.033,1756005572.41,-1756005572.41,0.028,1756005572.438,-1756005572.438,0.03,1756005572.468,-1756005572.468,0.03,1756005572.498,-1756005572.498,0.03,1756005572.528,-1756005572.528,0.03,1756005572.558,-1756005572.558,0.03,1756005572.588,-1756005572.588,0.031,1756005572.619,-1756005572.619,0.03,1756005572.649,-1756005572.649,0.03,1756005572.679,-1756005572.679,0.019,1756005572.698,-1756005572.698,1.137,1756005573.835,-1756005573.835,0.638,1756005574.473,-1756005574.473,1.004,1756005575.477,-1756005575.477,0.619,1756005576.096,-1756005576.096,,,,,,,,,,,,,,,,,,,,,,,,,,,,,,,,,,,,,,,,,,,,,,,,,,,,,,,,,,,,,,,,,,,,,,,,,,,,,,,,,,,,,,,,,,,,,,,,,,,,,,,,,,,,,,,,,,,,,,,,,,,,,,,,,,,,,,,,,,,,,,,,,,,,,,,,,,,,,,,,,,,,,,,,,,,,,,,,,,,,,,,,,,,,,,,,,,,,,,,,,,,,,,,,,,,,,,,,,,,,,,,,,,,,,,,,,,,,,,,,,,,,,,,,,,,,,,,,,,,,,
adithi,Genuine,0.165,0.673,0.508,0.185,0.609,0.424,0.22,0.552,0.332,0.19,2.101,1.911,0.124,0.557,0.433,0.68,0.503,-0.177,0.301,0.03,-0.271,0.626,0.015,-0.611,1.02,0.377,-0.643,1.161,0.417,-0.744,1.246,0.588,-0.658,-1756005585.147,0.447,1756005585.594,-1756005585.594,,,,,,,,,,,,,,,,,,,,,,,,,,,,,,,,,,,,,,,,,,,,,,,,,,,,,,,,,,,,,,,,,,,,,,,,,,,,,,,,,,,,,,,,,,,,,,,,,,,,,,,,,,,,,,,,,,,,,,,,,,,,,,,,,,,,,,,,,,,,,,,,,,,,,,,,,,,,,,,,,,,,,,,,,,,,,,,,,,,,,,,,,,,,,,,,,,,,,,,,,,,,,,,,,,,,,,,,,,,,,,,,,,,,,,,,,,,,,,,,,,,,,,,,,,,,,,,,,,,,,,,,,,,,,,,,,,,,,,,,,,,,,,,,,,,,,,,,,,,,,,,,,,,,,,,,,,,,,,,,,,,,,,,,,,,,,,,,,,,,,,,,,,,,,,,,,,,,,,,,,,,,,,,,,,,,,,,,,,,,,,,,,,,,,,,,,,,,,,,,,,,,,,,,,,,,,,,,,,,,,,,
adithi,Genuine,0.165,0.437,0.272,0.216,0.468,0.252,0.216,0.484,0.268,0.134,0.555,0.421,0.081,0.613,0.532,0.558,0.368,-0.19,0.256,0.826,0.57,0.234,0.692,0.458,0.126,0.607,0.481,0.171,0.905,0.734,0.22,,,,,,,,,,,,,,,,,,,,,,,,,,,,,,,,,,,,,,,,,,,,,,,,,,,,,,,,,,,,,,,,,,,,,,,,,,,,,,,,,,,,,,,,,,,,,,,,,,,,,,,,,,,,,,,,,,,,,,,,,,,,,,,,,,,,,,,,,,,,,,,,,,,,,,,,,,,,,,,,,,,,,,,,,,,,,,,,,,,,,,,,,,,,,,,,,,,,,,,,,,,,,,,,,,,,,,,,,,,,,,,,,,,,,,,,,,,,,,,,,,,,,,,,,,,,,,,,,,,,,,,,,,,,,,,,,,,,,,,,,,,,,,,,,,,,,,,,,,,,,,,,,,,,,,,,,,,,,,,,,,,,,,,,,,,,,,,,,,,,,,,,,,,,,,,,,,,,,,,,,,,,,,,,,,,,,,,,,,,,,,,,,,,,,,,,,,,,,,,,,,,,,,,,,,,,,,,,,,,,,,,,,,,,,
adithi,Genuine,0.176,1.001,0.825,0.181,0.507,0.326,0.236,0.583,0.347,0.136,0.593,0.457,0.12,0.502,0.382,0.624,0.449,-0.175,0.286,0.818,0.532,0.236,0.49,0.254,0.183,0.615,0.432,0.242,1.03,0.788,0.226,,,,,,,,,,,,,,,,,,,,,,,,,,,,,,,,,,,,,,,,,,,,,,,,,,,,,,,,,,,,,,,,,,,,,,,,,,,,,,,,,,,,,,,,,,,,,,,,,,,,,,,,,,,,,,,,,,,,,,,,,,,,,,,,,,,,,,,,,,,,,,,,,,,,,,,,,,,,,,,,,,,,,,,,,,,,,,,,,,,,,,,,,,,,,,,,,,,,,,,,,,,,,,,,,,,,,,,,,,,,,,,,,,,,,,,,,,,,,,,,,,,,,,,,,,,,,,,,,,,,,,,,,,,,,,,,,,,,,,,,,,,,,,,,,,,,,,,,,,,,,,,,,,,,,,,,,,,,,,,,,,,,,,,,,,,,,,,,,,,,,,,,,,,,,,,,,,,,,,,,,,,,,,,,,,,,,,,,,,,,,,,,,,,,,,,,,,,,,,,,,,,,,,,,,,,,,,,,,,,,,,,,,,,,,
adithi,Genuine,0.165,0.668,0.503,0.171,0.342,0.171,0.301,0.348,0.047,0.24,0.476,0.236,0.172,0.492,0.32,0.523,0.312,-0.211,0.237,0.437,0.2,0.242,0.342,0.1,0.266,0.442,0.176,0.206,0.523,0.317,0.277,,,,,,,,,,,,,,,,,,,,,,,,,,,,,,,,,,,,,,,,,,,,,,,,,,,,,,,,,,,,,,,,,,,,,,,,,,,,,,,,,,,,,,,,,,,,,,,,,,,,,,,,,,,,,,,,,,,,,,,,,,,,,,,,,,,,,,,,,,,,,,,,,,,,,,,,,,,,,,,,,,,,,,,,,,,,,,,,,,,,,,,,,,,,,,,,,,,,,,,,,,,,,,,,,,,,,,,,,,,,,,,,,,,,,,,,,,,,,,,,,,,,,,,,,,,,,,,,,,,,,,,,,,,,,,,,,,,,,,,,,,,,,,,,,,,,,,,,,,,,,,,,,,,,,,,,,,,,,,,,,,,,,,,,,,,,,,,,,,,,,,,,,,,,,,,,,,,,,,,,,,,,,,,,,,,,,,,,,,,,,,,,,,,,,,,,,,,,,,,,,,,,,,,,,,,,,,,,,,,,,,,,,,,,,
adithi,Genuine,0.126,0.441,0.315,0.173,0.377,0.204,0.176,0.337,0.161,0.165,0.472,0.307,0.145,0.498,0.353,0.486,0.351,-0.135,0.195,0.392,0.197,0.248,0.357,0.109,0.212,0.373,0.161,0.16,0.924,0.764,0.155,,,,,,,,,,,,,,,,,,,,,,,,,,,,,,,,,,,,,,,,,,,,,,,,,,,,,,,,,,,,,,,,,,,,,,,,,,,,,,,,,,,,,,,,,,,,,,,,,,,,,,,,,,,,,,,,,,,,,,,,,,,,,,,,,,,,,,,,,,,,,,,,,,,,,,,,,,,,,,,,,,,,,,,,,,,,,,,,,,,,,,,,,,,,,,,,,,,,,,,,,,,,,,,,,,,,,,,,,,,,,,,,,,,,,,,,,,,,,,,,,,,,,,,,,,,,,,,,,,,,,,,,,,,,,,,,,,,,,,,,,,,,,,,,,,,,,,,,,,,,,,,,,,,,,,,,,,,,,,,,,,,,,,,,,,,,,,,,,,,,,,,,,,,,,,,,,,,,,,,,,,,,,,,,,,,,,,,,,,,,,,,,,,,,,,,,,,,,,,,,,,,,,,,,,,,,,,,,,,,,,,,,,,,,,
adithi,Genuine,0.186,2.849,2.663,0.156,0.392,0.236,0.156,0.419,0.263,0.28,0.843,0.563,0.061,1.01,0.949,4.919,0.502,-4.417,4.528,0.03,-4.498,4.834,0.031,-4.803,5.141,0.03,-5.111,5.418,0.031,-5.387,5.974,0.029,-5.945,-1756005633.828,0.03,1756005633.858,-1756005633.858,0.03,1756005633.888,-1756005633.888,0.031,1756005633.919,-1756005633.919,0.029,1756005633.948,-1756005633.948,0.031,1756005633.979,-1756005633.979,0.03,1756005634.009,-1756005634.009,0.03,1756005634.039,-1756005634.039,0.03,1756005634.069,-1756005634.069,0.031,1756005634.1,-1756005634.1,0.03,1756005634.13,-1756005634.13,0.031,1756005634.161,-1756005634.161,0.03,1756005634.191,-1756005634.191,0.031,1756005634.222,-1756005634.222,0.03,1756005634.252,-1756005634.252,0.029,1756005634.281,-1756005634.281,0.03,1756005634.311,-1756005634.311,0.03,1756005634.341,-1756005634.341,0.031,1756005634.372,-1756005634.372,0.03,1756005634.402,-1756005634.402,0.03,1756005634.432,-1756005634.432,0.029,1756005634.461,-1756005634.461,0.031,1756005634.492,-1756005634.492,0.031,1756005634.523,-1756005634.523,0.029,1756005634.552,-1756005634.552,0.03,1756005634.582,-1756005634.582,0.032,1756005634.614,-1756005634.614,0.028,1756005634.642,-1756005634.642,0.03,1756005634.672,-1756005634.672,0.031,1756005634.703,-1756005634.703,0.03,1756005634.733,-1756005634.733,0.03,1756005634.763,-1756005634.763,0.03,1756005634.793,-1756005634.793,0.033,1756005634.826,-1756005634.826,0.028,1756005634.854,-1756005634.854,0.032,1756005634.886,-1756005634.886,0.029,1756005634.915,-1756005634.915,0.029,1756005634.944,-1756005634.944,0.03,1756005634.974,-1756005634.974,0.031,1756005635.005,-1756005635.005,0.029,1756005635.034,-1756005635.034,0.031,1756005635.065,-1756005635.065,0.03,1756005635.095,-1756005635.095,0.03,1756005635.125,-1756005635.125,0.031,1756005635.156,-1756005635.156,0.03,1756005635.186,-1756005635.186,0.03,1756005635.216,-1756005635.216,0.029,1756005635.245,-1756005635.245,0.031,1756005635.276,-1756005635.276,0.029,1756005635.305,-1756005635.305,0.031,1756005635.336,-1756005635.336,0.03,1756005635.366,-1756005635.366,0.03,1756005635.396,-1756005635.396,0.032,1756005635.428,-1756005635.428,0.028,1756005635.456,-1756005635.456,0.031,1756005635.487,-1756005635.487,0.03,1756005635.517,-1756005635.517,0.031,1756005635.548,-1756005635.548,0.03,1756005635.578,-1756005635.578,0.031,1756005635.609,-1756005635.609,0.029,1756005635.638,-1756005635.638,0.03,1756005635.668,-1756005635.668,0.033,1756005635.701,-1756005635.701,0.032,1756005635.733,-1756005635.733,0.027,1756005635.76,-1756005635.76,0.029,1756005635.789,-1756005635.789,0.03,1756005635.819,-1756005635.819,0.029,1756005635.848,-1756005635.848,0.032,1756005635.88,-1756005635.88,0.028,1756005635.908,-1756005635.908,0.033,1756005635.941,-1756005635.941,0.028,1756005635.969,-1756005635.969,0.031,1756005636.0,-1756005636.0,0.029,1756005636.029,-1756005636.029,0.03,1756005636.059,-1756005636.059,0.03,1756005636.089,-1756005636.089,0.03,1756005636.119,-1756005636.119,0.035,1756005636.154,-1756005636.154,0.026,1756005636.18,-1756005636.18,0.032,1756005636.212,-1756005636.212,0.03,1756005636.242,-1756005636.242,0.03,1756005636.272,-1756005636.272,0.029,1756005636.301,-1756005636.301,0.036,1756005636.337,-1756005636.337,0.026,1756005636.363,-1756005636.363,0.028,1756005636.391,-1756005636.391,0.03,1756005636.421,-1756005636.421,0.03,1756005636.451,-1756005636.451,0.031,1756005636.482,-1756005636.482,0.029,1756005636.511,-1756005636.511,0.031,1756005636.542,-1756005636.542,0.031,1756005636.573,-1756005636.573,0.03,1756005636.603,-1756005636.603,0.03,1756005636.633,-1756005636.633,0.03,1756005636.663,-1756005636.663,0.03,1756005636.693,-1756005636.693,0.03,1756005636.723,-1756005636.723,0.031,1756005636.754,-1756005636.754,0.03,1756005636.784,-1756005636.784,0.03,1756005636.814,-1756005636.814,0.03,1756005636.844,-1756005636.844,0.031,1756005636.875,-1756005636.875,0.029,1756005636.904,-1756005636.904,0.03,1756005636.934,-1756005636.934,0.03,1756005636.964,-1756005636.964,0.03,1756005636.994,-1756005636.994,0.03,1756005637.024,-1756005637.024,0.031,1756005637.055,-1756005637.055,0.032,1756005637.087,-1756005637.087,0.028,1756005637.115,-1756005637.115,0.03,1756005637.145,-1756005637.145,0.03,1756005637.175,-1756005637.175,0.031,1756005637.206,-1756005637.206,0.032,1756005637.238,-1756005637.238,0.027,1756005637.265,-1756005637.265,0.03,1756005637.295,-1756005637.295,0.031,1756005637.326,-1756005637.326,0.029,1756005637.355,-1756005637.355,0.03,1756005637.385,-1756005637.385,0.031,1756005637.416,-1756005637.416,0.03,1756005637.446,-1756005637.446,0.03,1756005637.476,-1756005637.476,0.03,1756005637.506,-1756005637.506,0.031,1756005637.537,-1756005637.537,0.03,1756005637.567,-1756005637.567,0.03,1756005637.597,-1756005637.597,0.03,1756005637.627,-1756005637.627,0.03,1756005637.657,-1756005637.657,0.03,1756005637.687,-1756005637.687,0.03,1756005637.717,-1756005637.717,0.03,1756005637.747,-1756005637.747,0.031,1756005637.778,-1756005637.778,0.03,1756005637.808,-1756005637.808,0.031,1756005637.839,-1756005637.839,0.029,1756005637.868,-1756005637.868,0.052,1756005637.92,-1756005637.92,0.009,1756005637.929,-1756005637.929,0.03,1756005637.959,-1756005637.959,0.004,1756005637.963,-1756005637.963,0.438,1756005638.401,-1756005638.401,0.296,1756005638.697,-1756005638.697,0.368,1756005639.065,-1756005639.065,0.513,1756005639.578,-1756005639.578
adithi,Genuine,0.162,1.479,1.317,0.125,0.296,0.171,0.166,0.281,0.115,0.156,0.438,0.282,0.091,0.668,0.577,0.538,0.402,-0.136,0.241,0.422,0.181,0.171,0.347,0.176,0.18,0.262,0.082,0.164,0.707,0.543,0.116,,,,,,,,,,,,,,,,,,,,,,,,,,,,,,,,,,,,,,,,,,,,,,,,,,,,,,,,,,,,,,,,,,,,,,,,,,,,,,,,,,,,,,,,,,,,,,,,,,,,,,,,,,,,,,,,,,,,,,,,,,,,,,,,,,,,,,,,,,,,,,,,,,,,,,,,,,,,,,,,,,,,,,,,,,,,,,,,,,,,,,,,,,,,,,,,,,,,,,,,,,,,,,,,,,,,,,,,,,,,,,,,,,,,,,,,,,,,,,,,,,,,,,,,,,,,,,,,,,,,,,,,,,,,,,,,,,,,,,,,,,,,,,,,,,,,,,,,,,,,,,,,,,,,,,,,,,,,,,,,,,,,,,,,,,,,,,,,,,,,,,,,,,,,,,,,,,,,,,,,,,,,,,,,,,,,,,,,,,,,,,,,,,,,,,,,,,,,,,,,,,,,,,,,,,,,,,,,,,,,,,,,,,,,,
adithi,Genuine,0.116,0.377,0.261,0.2,0.502,0.302,0.226,0.447,0.221,0.181,0.583,0.402,0.116,0.755,0.639,0.572,0.417,-0.155,0.255,0.482,0.227,0.156,0.362,0.206,0.175,0.326,0.151,0.121,0.549,0.428,0.153,,,,,,,,,,,,,,,,,,,,,,,,,,,,,,,,,,,,,,,,,,,,,,,,,,,,,,,,,,,,,,,,,,,,,,,,,,,,,,,,,,,,,,,,,,,,,,,,,,,,,,,,,,,,,,,,,,,,,,,,,,,,,,,,,,,,,,,,,,,,,,,,,,,,,,,,,,,,,,,,,,,,,,,,,,,,,,,,,,,,,,,,,,,,,,,,,,,,,,,,,,,,,,,,,,,,,,,,,,,,,,,,,,,,,,,,,,,,,,,,,,,,,,,,,,,,,,,,,,,,,,,,,,,,,,,,,,,,,,,,,,,,,,,,,,,,,,,,,,,,,,,,,,,,,,,,,,,,,,,,,,,,,,,,,,,,,,,,,,,,,,,,,,,,,,,,,,,,,,,,,,,,,,,,,,,,,,,,,,,,,,,,,,,,,,,,,,,,,,,,,,,,,,,,,,,,,,,,,,,,,,,,,,,,,
adithi,Genuine,0.099,0.356,0.257,0.17,0.346,0.176,0.225,0.351,0.126,0.182,0.408,0.226,0.12,0.493,0.373,0.507,0.345,-0.162,0.252,0.359,0.107,0.129,0.296,0.167,0.232,0.296,0.064,0.211,0.901,0.69,0.143,,,,,,,,,,,,,,,,,,,,,,,,,,,,,,,,,,,,,,,,,,,,,,,,,,,,,,,,,,,,,,,,,,,,,,,,,,,,,,,,,,,,,,,,,,,,,,,,,,,,,,,,,,,,,,,,,,,,,,,,,,,,,,,,,,,,,,,,,,,,,,,,,,,,,,,,,,,,,,,,,,,,,,,,,,,,,,,,,,,,,,,,,,,,,,,,,,,,,,,,,,,,,,,,,,,,,,,,,,,,,,,,,,,,,,,,,,,,,,,,,,,,,,,,,,,,,,,,,,,,,,,,,,,,,,,,,,,,,,,,,,,,,,,,,,,,,,,,,,,,,,,,,,,,,,,,,,,,,,,,,,,,,,,,,,,,,,,,,,,,,,,,,,,,,,,,,,,,,,,,,,,,,,,,,,,,,,,,,,,,,,,,,,,,,,,,,,,,,,,,,,,,,,,,,,,,,,,,,,,,,,,,,,,,,
adithi,Genuine,0.085,0.362,0.277,0.131,0.337,0.206,0.18,0.443,0.263,0.146,0.366,0.22,0.135,0.553,0.418,0.759,0.503,-0.256,0.364,0.029,-0.335,1.236,0.03,-1.206,1.728,0.031,-1.697,2.052,0.025,-2.027,2.682,0.949,-1.733,-1756005667.377,0.542,1756005667.919,-1756005667.919,0.397,1756005668.316,-1756005668.316,0.648,1756005668.964,-1756005668.964,,,,,,,,,,,,,,,,,,,,,,,,,,,,,,,,,,,,,,,,,,,,,,,,,,,,,,,,,,,,,,,,,,,,,,,,,,,,,,,,,,,,,,,,,,,,,,,,,,,,,,,,,,,,,,,,,,,,,,,,,,,,,,,,,,,,,,,,,,,,,,,,,,,,,,,,,,,,,,,,,,,,,,,,,,,,,,,,,,,,,,,,,,,,,,,,,,,,,,,,,,,,,,,,,,,,,,,,,,,,,,,,,,,,,,,,,,,,,,,,,,,,,,,,,,,,,,,,,,,,,,,,,,,,,,,,,,,,,,,,,,,,,,,,,,,,,,,,,,,,,,,,,,,,,,,,,,,,,,,,,,,,,,,,,,,,,,,,,,,,,,,,,,,,,,,,,,,,,,,,,,,,,,,,,,,,,,,,,,,,,,,,,,,,,,,,,,,,,,,,,,,,,,,,,,,,,,,,,
adithi,Genuine,0.162,0.458,0.296,0.181,0.614,0.433,0.261,0.548,0.287,0.207,0.754,0.547,0.16,0.818,0.658,0.579,0.428,-0.151,0.2,1.316,1.116,0.127,0.558,0.431,0.241,0.673,0.432,0.166,1.182,1.016,0.12,,,,,,,,,,,,,,,,,,,,,,,,,,,,,,,,,,,,,,,,,,,,,,,,,,,,,,,,,,,,,,,,,,,,,,,,,,,,,,,,,,,,,,,,,,,,,,,,,,,,,,,,,,,,,,,,,,,,,,,,,,,,,,,,,,,,,,,,,,,,,,,,,,,,,,,,,,,,,,,,,,,,,,,,,,,,,,,,,,,,,,,,,,,,,,,,,,,,,,,,,,,,,,,,,,,,,,,,,,,,,,,,,,,,,,,,,,,,,,,,,,,,,,,,,,,,,,,,,,,,,,,,,,,,,,,,,,,,,,,,,,,,,,,,,,,,,,,,,,,,,,,,,,,,,,,,,,,,,,,,,,,,,,,,,,,,,,,,,,,,,,,,,,,,,,,,,,,,,,,,,,,,,,,,,,,,,,,,,,,,,,,,,,,,,,,,,,,,,,,,,,,,,,,,,,,,,,,,,,,,,,,,,,,,,
adithi,Genuine,0.145,0.894,0.749,0.211,0.62,0.409,0.201,0.386,0.185,0.129,0.592,0.463,0.13,0.642,0.512,0.633,0.503,-0.13,0.31,0.03,-0.28,1.423,0.005,-1.418,2.106,1.258,-0.848,1.457,0.536,-0.921,1.704,0.755,-0.949,-1756005686.168,0.809,1756005686.977,-1756005686.977,,,,,,,,,,,,,,,,,,,,,,,,,,,,,,,,,,,,,,,,,,,,,,,,,,,,,,,,,,,,,,,,,,,,,,,,,,,,,,,,,,,,,,,,,,,,,,,,,,,,,,,,,,,,,,,,,,,,,,,,,,,,,,,,,,,,,,,,,,,,,,,,,,,,,,,,,,,,,,,,,,,,,,,,,,,,,,,,,,,,,,,,,,,,,,,,,,,,,,,,,,,,,,,,,,,,,,,,,,,,,,,,,,,,,,,,,,,,,,,,,,,,,,,,,,,,,,,,,,,,,,,,,,,,,,,,,,,,,,,,,,,,,,,,,,,,,,,,,,,,,,,,,,,,,,,,,,,,,,,,,,,,,,,,,,,,,,,,,,,,,,,,,,,,,,,,,,,,,,,,,,,,,,,,,,,,,,,,,,,,,,,,,,,,,,,,,,,,,,,,,,,,,,,,,,,,,,,,,,,,,,,
adithi,Genuine,0.139,0.573,0.434,0.155,0.662,0.507,0.181,1.142,0.961,0.285,0.969,0.684,0.15,0.955,0.805,0.694,0.502,-0.192,0.339,0.03,-0.309,1.292,0.031,-1.261,1.934,0.004,-1.93,2.618,1.031,-1.587,2.512,0.683,-1.829,-1756005695.565,0.704,1756005696.269,-1756005696.269,0.965,1756005697.234,-1756005697.234,,,,,,,,,,,,,,,,,,,,,,,,,,,,,,,,,,,,,,,,,,,,,,,,,,,,,,,,,,,,,,,,,,,,,,,,,,,,,,,,,,,,,,,,,,,,,,,,,,,,,,,,,,,,,,,,,,,,,,,,,,,,,,,,,,,,,,,,,,,,,,,,,,,,,,,,,,,,,,,,,,,,,,,,,,,,,,,,,,,,,,,,,,,,,,,,,,,,,,,,,,,,,,,,,,,,,,,,,,,,,,,,,,,,,,,,,,,,,,,,,,,,,,,,,,,,,,,,,,,,,,,,,,,,,,,,,,,,,,,,,,,,,,,,,,,,,,,,,,,,,,,,,,,,,,,,,,,,,,,,,,,,,,,,,,,,,,,,,,,,,,,,,,,,,,,,,,,,,,,,,,,,,,,,,,,,,,,,,,,,,,,,,,,,,,,,,,,,,,,,,,,,,,,,,,,,,,,,,,,,
adithi,Genuine,0.182,0.961,0.779,0.126,0.498,0.372,0.185,0.346,0.161,0.168,0.965,0.797,0.156,1.422,1.266,0.714,0.503,-0.211,0.352,0.03,-0.322,0.939,0.031,-0.908,1.492,0.028,-1.464,2.082,0.645,-1.437,1.966,0.618,-1.348,-1756005706.536,0.693,1756005707.229,-1756005707.229,0.549,1756005707.778,-1756005707.778,,,,,,,,,,,,,,,,,,,,,,,,,,,,,,,,,,,,,,,,,,,,,,,,,,,,,,,,,,,,,,,,,,,,,,,,,,,,,,,,,,,,,,,,,,,,,,,,,,,,,,,,,,,,,,,,,,,,,,,,,,,,,,,,,,,,,,,,,,,,,,,,,,,,,,,,,,,,,,,,,,,,,,,,,,,,,,,,,,,,,,,,,,,,,,,,,,,,,,,,,,,,,,,,,,,,,,,,,,,,,,,,,,,,,,,,,,,,,,,,,,,,,,,,,,,,,,,,,,,,,,,,,,,,,,,,,,,,,,,,,,,,,,,,,,,,,,,,,,,,,,,,,,,,,,,,,,,,,,,,,,,,,,,,,,,,,,,,,,,,,,,,,,,,,,,,,,,,,,,,,,,,,,,,,,,,,,,,,,,,,,,,,,,,,,,,,,,,,,,,,,,,,,,,,,,,,,,,,,,,
adithi,Genuine,0.156,0.418,0.262,0.15,0.321,0.171,0.427,0.443,0.016,0.317,0.855,0.538,0.104,0.496,0.392,0.542,0.417,-0.125,0.306,0.829,0.523,0.141,0.483,0.342,0.165,0.629,0.464,0.14,0.854,0.714,0.141,,,,,,,,,,,,,,,,,,,,,,,,,,,,,,,,,,,,,,,,,,,,,,,,,,,,,,,,,,,,,,,,,,,,,,,,,,,,,,,,,,,,,,,,,,,,,,,,,,,,,,,,,,,,,,,,,,,,,,,,,,,,,,,,,,,,,,,,,,,,,,,,,,,,,,,,,,,,,,,,,,,,,,,,,,,,,,,,,,,,,,,,,,,,,,,,,,,,,,,,,,,,,,,,,,,,,,,,,,,,,,,,,,,,,,,,,,,,,,,,,,,,,,,,,,,,,,,,,,,,,,,,,,,,,,,,,,,,,,,,,,,,,,,,,,,,,,,,,,,,,,,,,,,,,,,,,,,,,,,,,,,,,,,,,,,,,,,,,,,,,,,,,,,,,,,,,,,,,,,,,,,,,,,,,,,,,,,,,,,,,,,,,,,,,,,,,,,,,,,,,,,,,,,,,,,,,,,,,,,,,,,,,,,,,
adithi,Genuine,0.161,0.899,0.738,0.171,0.478,0.307,0.141,0.357,0.216,0.15,0.895,0.745,0.161,0.703,0.542,0.643,0.503,-0.14,0.306,0.009,-0.297,0.638,0.463,-0.175,0.764,0.603,-0.161,0.528,0.393,-0.135,0.787,0.546,-0.241,-1756005723.039,,,,,,,,,,,,,,,,,,,,,,,,,,,,,,,,,,,,,,,,,,,,,,,,,,,,,,,,,,,,,,,,,,,,,,,,,,,,,,,,,,,,,,,,,,,,,,,,,,,,,,,,,,,,,,,,,,,,,,,,,,,,,,,,,,,,,,,,,,,,,,,,,,,,,,,,,,,,,,,,,,,,,,,,,,,,,,,,,,,,,,,,,,,,,,,,,,,,,,,,,,,,,,,,,,,,,,,,,,,,,,,,,,,,,,,,,,,,,,,,,,,,,,,,,,,,,,,,,,,,,,,,,,,,,,,,,,,,,,,,,,,,,,,,,,,,,,,,,,,,,,,,,,,,,,,,,,,,,,,,,,,,,,,,,,,,,,,,,,,,,,,,,,,,,,,,,,,,,,,,,,,,,,,,,,,,,,,,,,,,,,,,,,,,,,,,,,,,,,,,,,,,,,,,,,,,,,,,,,,,,,,,,,
adithi,Genuine,0.156,0.524,0.368,0.135,0.347,0.212,0.159,0.442,0.283,0.119,0.552,0.433,0.105,0.614,0.509,0.581,0.456,-0.125,0.327,0.758,0.431,0.146,1.073,0.927,0.128,0.325,0.197,0.141,0.447,0.306,0.137,,,,,,,,,,,,,,,,,,,,,,,,,,,,,,,,,,,,,,,,,,,,,,,,,,,,,,,,,,,,,,,,,,,,,,,,,,,,,,,,,,,,,,,,,,,,,,,,,,,,,,,,,,,,,,,,,,,,,,,,,,,,,,,,,,,,,,,,,,,,,,,,,,,,,,,,,,,,,,,,,,,,,,,,,,,,,,,,,,,,,,,,,,,,,,,,,,,,,,,,,,,,,,,,,,,,,,,,,,,,,,,,,,,,,,,,,,,,,,,,,,,,,,,,,,,,,,,,,,,,,,,,,,,,,,,,,,,,,,,,,,,,,,,,,,,,,,,,,,,,,,,,,,,,,,,,,,,,,,,,,,,,,,,,,,,,,,,,,,,,,,,,,,,,,,,,,,,,,,,,,,,,,,,,,,,,,,,,,,,,,,,,,,,,,,,,,,,,,,,,,,,,,,,,,,,,,,,,,,,,,,,,,,,,,
adithi,Genuine,0.11,0.452,0.342,0.115,0.287,0.172,0.18,0.432,0.252,0.125,0.497,0.372,0.161,0.518,0.357,0.542,0.391,-0.151,0.272,0.493,0.221,0.16,0.382,0.222,0.116,0.402,0.286,0.136,0.68,0.544,0.1,,,,,,,,,,,,,,,,,,,,,,,,,,,,,,,,,,,,,,,,,,,,,,,,,,,,,,,,,,,,,,,,,,,,,,,,,,,,,,,,,,,,,,,,,,,,,,,,,,,,,,,,,,,,,,,,,,,,,,,,,,,,,,,,,,,,,,,,,,,,,,,,,,,,,,,,,,,,,,,,,,,,,,,,,,,,,,,,,,,,,,,,,,,,,,,,,,,,,,,,,,,,,,,,,,,,,,,,,,,,,,,,,,,,,,,,,,,,,,,,,,,,,,,,,,,,,,,,,,,,,,,,,,,,,,,,,,,,,,,,,,,,,,,,,,,,,,,,,,,,,,,,,,,,,,,,,,,,,,,,,,,,,,,,,,,,,,,,,,,,,,,,,,,,,,,,,,,,,,,,,,,,,,,,,,,,,,,,,,,,,,,,,,,,,,,,,,,,,,,,,,,,,,,,,,,,,,,,,,,,,,,,,,,,,
adithi,Genuine,0.129,0.345,0.216,0.171,0.326,0.155,0.177,0.398,0.221,0.161,0.392,0.231,0.112,0.608,0.496,0.629,0.478,-0.151,0.505,0.543,0.038,0.126,0.392,0.266,0.191,0.312,0.121,0.195,0.735,0.54,0.144,,,,,,,,,,,,,,,,,,,,,,,,,,,,,,,,,,,,,,,,,,,,,,,,,,,,,,,,,,,,,,,,,,,,,,,,,,,,,,,,,,,,,,,,,,,,,,,,,,,,,,,,,,,,,,,,,,,,,,,,,,,,,,,,,,,,,,,,,,,,,,,,,,,,,,,,,,,,,,,,,,,,,,,,,,,,,,,,,,,,,,,,,,,,,,,,,,,,,,,,,,,,,,,,,,,,,,,,,,,,,,,,,,,,,,,,,,,,,,,,,,,,,,,,,,,,,,,,,,,,,,,,,,,,,,,,,,,,,,,,,,,,,,,,,,,,,,,,,,,,,,,,,,,,,,,,,,,,,,,,,,,,,,,,,,,,,,,,,,,,,,,,,,,,,,,,,,,,,,,,,,,,,,,,,,,,,,,,,,,,,,,,,,,,,,,,,,,,,,,,,,,,,,,,,,,,,,,,,,,,,,,,,,,,,
adithi,Genuine,0.135,0.492,0.357,0.137,0.264,0.127,0.169,0.597,0.428,0.17,0.517,0.347,0.136,0.462,0.326,0.116,0.252,0.136,0.397,0.246,-0.151,0.306,0.513,0.207,0.135,0.359,0.224,0.179,0.299,0.12,0.14,0.739,0.599,0.13,,,,,,,,,,,,,,,,,,,,,,,,,,,,,,,,,,,,,,,,,,,,,,,,,,,,,,,,,,,,,,,,,,,,,,,,,,,,,,,,,,,,,,,,,,,,,,,,,,,,,,,,,,,,,,,,,,,,,,,,,,,,,,,,,,,,,,,,,,,,,,,,,,,,,,,,,,,,,,,,,,,,,,,,,,,,,,,,,,,,,,,,,,,,,,,,,,,,,,,,,,,,,,,,,,,,,,,,,,,,,,,,,,,,,,,,,,,,,,,,,,,,,,,,,,,,,,,,,,,,,,,,,,,,,,,,,,,,,,,,,,,,,,,,,,,,,,,,,,,,,,,,,,,,,,,,,,,,,,,,,,,,,,,,,,,,,,,,,,,,,,,,,,,,,,,,,,,,,,,,,,,,,,,,,,,,,,,,,,,,,,,,,,,,,,,,,,,,,,,,,,,,,,,,,,,,,,,,,,,,,,,,,,
adithi,Genuine,0.151,0.724,0.573,0.16,0.462,0.302,0.221,0.643,0.422,0.136,0.498,0.362,0.171,0.589,0.418,0.949,0.502,-0.447,0.628,0.03,-0.598,1.391,0.031,-1.36,1.948,0.029,-1.919,2.638,0.031,-2.607,3.501,0.029,-3.472,-1756005754.212,0.031,1756005754.243,-1756005754.243,0.029,1756005754.272,-1756005754.272,0.031,1756005754.303,-1756005754.303,0.03,1756005754.333,-1756005754.333,0.021,1756005754.354,-1756005754.354,0.919,1756005755.273,-1756005755.273,0.589,1756005755.862,-1756005755.862,0.752,1756005756.614,-1756005756.614,0.975,1756005757.589,-1756005757.589,,,,,,,,,,,,,,,,,,,,,,,,,,,,,,,,,,,,,,,,,,,,,,,,,,,,,,,,,,,,,,,,,,,,,,,,,,,,,,,,,,,,,,,,,,,,,,,,,,,,,,,,,,,,,,,,,,,,,,,,,,,,,,,,,,,,,,,,,,,,,,,,,,,,,,,,,,,,,,,,,,,,,,,,,,,,,,,,,,,,,,,,,,,,,,,,,,,,,,,,,,,,,,,,,,,,,,,,,,,,,,,,,,,,,,,,,,,,,,,,,,,,,,,,,,,,,,,,,,,,,,,,,,,,,,,,,,,,,,,,,,,,,,,,,,,,,,,,,,,,,,,,,,,,,,,,,,,,,,,,,,,,,,,,,,,,,,,,,,,,,,,,,,,,,,,,,,,,,,,,,,,,,,,,,,,,,,,,,,,,,,,,,,,,,,,,,,,,,,,
adithi,Genuine,0.206,1.046,0.84,0.19,0.448,0.258,0.21,0.431,0.221,0.238,0.543,0.305,0.131,0.524,0.393,0.441,0.279,-0.162,0.267,0.433,0.166,0.19,0.292,0.102,0.226,0.462,0.236,0.12,0.577,0.457,0.126,,,,,,,,,,,,,,,,,,,,,,,,,,,,,,,,,,,,,,,,,,,,,,,,,,,,,,,,,,,,,,,,,,,,,,,,,,,,,,,,,,,,,,,,,,,,,,,,,,,,,,,,,,,,,,,,,,,,,,,,,,,,,,,,,,,,,,,,,,,,,,,,,,,,,,,,,,,,,,,,,,,,,,,,,,,,,,,,,,,,,,,,,,,,,,,,,,,,,,,,,,,,,,,,,,,,,,,,,,,,,,,,,,,,,,,,,,,,,,,,,,,,,,,,,,,,,,,,,,,,,,,,,,,,,,,,,,,,,,,,,,,,,,,,,,,,,,,,,,,,,,,,,,,,,,,,,,,,,,,,,,,,,,,,,,,,,,,,,,,,,,,,,,,,,,,,,,,,,,,,,,,,,,,,,,,,,,,,,,,,,,,,,,,,,,,,,,,,,,,,,,,,,,,,,,,,,,,,,,,,,,,,,,,,,
adithi,Genuine,0.205,0.742,0.537,0.176,0.573,0.397,0.166,0.497,0.331,0.118,0.443,0.325,0.115,0.693,0.578,0.494,0.357,-0.137,0.231,0.668,0.437,0.176,0.588,0.412,0.221,0.417,0.196,0.13,0.404,0.274,0.189,,,,,,,,,,,,,,,,,,,,,,,,,,,,,,,,,,,,,,,,,,,,,,,,,,,,,,,,,,,,,,,,,,,,,,,,,,,,,,,,,,,,,,,,,,,,,,,,,,,,,,,,,,,,,,,,,,,,,,,,,,,,,,,,,,,,,,,,,,,,,,,,,,,,,,,,,,,,,,,,,,,,,,,,,,,,,,,,,,,,,,,,,,,,,,,,,,,,,,,,,,,,,,,,,,,,,,,,,,,,,,,,,,,,,,,,,,,,,,,,,,,,,,,,,,,,,,,,,,,,,,,,,,,,,,,,,,,,,,,,,,,,,,,,,,,,,,,,,,,,,,,,,,,,,,,,,,,,,,,,,,,,,,,,,,,,,,,,,,,,,,,,,,,,,,,,,,,,,,,,,,,,,,,,,,,,,,,,,,,,,,,,,,,,,,,,,,,,,,,,,,,,,,,,,,,,,,,,,,,,,,,,,,,,,
adithi,Genuine,0.179,0.586,0.407,0.176,0.357,0.181,0.179,0.311,0.132,0.157,0.433,0.276,0.126,0.477,0.351,0.729,0.503,-0.226,0.365,0.031,-0.334,0.596,0.03,-0.566,0.981,0.024,-0.957,1.528,0.381,-1.147,2.302,0.413,-1.889,-1756005779.47,0.628,1756005780.098,-1756005780.098,1.085,1756005781.183,-1756005781.183,,,,,,,,,,,,,,,,,,,,,,,,,,,,,,,,,,,,,,,,,,,,,,,,,,,,,,,,,,,,,,,,,,,,,,,,,,,,,,,,,,,,,,,,,,,,,,,,,,,,,,,,,,,,,,,,,,,,,,,,,,,,,,,,,,,,,,,,,,,,,,,,,,,,,,,,,,,,,,,,,,,,,,,,,,,,,,,,,,,,,,,,,,,,,,,,,,,,,,,,,,,,,,,,,,,,,,,,,,,,,,,,,,,,,,,,,,,,,,,,,,,,,,,,,,,,,,,,,,,,,,,,,,,,,,,,,,,,,,,,,,,,,,,,,,,,,,,,,,,,,,,,,,,,,,,,,,,,,,,,,,,,,,,,,,,,,,,,,,,,,,,,,,,,,,,,,,,,,,,,,,,,,,,,,,,,,,,,,,,,,,,,,,,,,,,,,,,,,,,,,,,,,,,,,,,,,,,,,,,,
